,MESSAGE,LABEL,label,cleaned_message,tokenized_message,no_stop_message,stemmed_message
0,CLINIQUE 6MNY-06 /EVEN BETTER MAKEUP CN 58 HONEY (PREVIOUSLY 06) 1 OZ,ham,0,CLINIQUE 6MNY06 EVEN BETTER MAKEUP CN 58 HONEY PREVIOUSLY 06 1 OZ,"['clinique', '6mny06', 'even', 'better', 'makeup', 'cn', '58', 'honey', 'previously', '06', '1', 'oz']","['clinique', '6mny06', 'even', 'better', 'makeup', 'cn', '58', 'honey', 'previously', '06', '1', 'oz']","['cliniqu', '6mny06', 'even', 'better', 'makeup', 'cn', '58', 'honey', 'previous', '06', '1', 'oz']"
1,"UKDealsToday:Estée Lauder New Advanced Night Repair, 30ml  £52.20 at John Lewis &amp",ham,0,UKDealsTodayEstée Lauder New Advanced Night Repair 30ml  £5220 at John Lewis amp,"['ukdealstodayestée', 'lauder', 'new', 'advanced', 'night', 'repair', '30ml', '5220', 'at', 'john', 'lewis', 'amp']","['ukdealstodayestée', 'lauder', 'new', 'advanced', 'night', 'repair', '30ml', '5220', 'john', 'lewis', 'amp']","['ukdealstodayesté', 'lauder', 'new', 'advanc', 'night', 'repair', '30ml', '5220', 'john', 'lewi', 'amp']"
2,Fenty Beauty Mattemoiselle Trifecta Plush Matte Lipstick is the bomb,ham,0,Fenty Beauty Mattemoiselle Trifecta Plush Matte Lipstick is the bomb,"['fenty', 'beauty', 'mattemoiselle', 'trifecta', 'plush', 'matte', 'lipstick', 'is', 'the', 'bomb']","['fenty', 'beauty', 'mattemoiselle', 'trifecta', 'plush', 'matte', 'lipstick', 'bomb']","['fenti', 'beauti', 'mattemoisel', 'trifecta', 'plush', 'matt', 'lipstick', 'bomb']"
3,***New Deal***\nNYX PROFESSIONAL MAKEUP Soft M...\nReduced from $60.50 to $1.70\#giveaway,spam,1,New DealnNYX PROFESSIONAL MAKEUP Soft MnReduced from 6050 to 170giveaway,"['new', 'dealnnyx', 'professional', 'makeup', 'soft', 'mnreduced', 'from', '6050', 'to', '170giveaway']","['new', 'dealnnyx', 'professional', 'makeup', 'soft', 'mnreduced', '6050', '170giveaway']","['new', 'dealnnyx', 'profession', 'makeup', 'soft', 'mnreduc', '6050', '170giveaway']"
4,"Yes, it works! - Carol B. - L'Oreal Paris Root Rescue Hair Color, 5 Medium Brown ",ham,0,Yes it works  Carol B  LOreal Paris Root Rescue Hair Color 5 Medium Brown ,"['yes', 'it', 'works', 'carol', 'b', 'loreal', 'paris', 'root', 'rescue', 'hair', 'color', '5', 'medium', 'brown', '']","['yes', 'works', 'carol', 'b', 'loreal', 'paris', 'root', 'rescue', 'hair', 'color', '5', 'medium', 'brown', '']","['ye', 'work', 'carol', 'b', 'loreal', 'pari', 'root', 'rescu', 'hair', 'color', '5', 'medium', 'brown', '']"
5,Did you know that Avon sells 4 lipsticks EVERY SECOND???  How about that,ham,0,Did you know that Avon sells 4 lipsticks EVERY SECOND  How about that,"['did', 'you', 'know', 'that', 'avon', 'sells', '4', 'lipsticks', 'every', 'second', 'how', 'about', 'that']","['know', 'avon', 'sells', '4', 'lipsticks', 'every', 'second']","['know', 'avon', 'sell', '4', 'lipstick', 'everi', 'second']"
6,FENTY BEAUTY SERIES\nDAY 1 - TRUE NEUTRALS\,ham,0,FENTY BEAUTY SERIESnDAY 1  TRUE NEUTRALS,"['fenty', 'beauty', 'seriesnday', '1', 'true', 'neutrals']","['fenty', 'beauty', 'seriesnday', '1', 'true', 'neutrals']","['fenti', 'beauti', 'seriesnday', '1', 'true', 'neutral']"
7,Health & Beauty:White Tea by Elizabeth Arden 3.3 / 3.4 oz EDT Perfume for Women Tester $22.15,ham,0,Health  BeautyWhite Tea by Elizabeth Arden 33  34 oz EDT Perfume for Women Tester 2215,"['health', 'beautywhite', 'tea', 'by', 'elizabeth', 'arden', '33', '34', 'oz', 'edt', 'perfume', 'for', 'women', 'tester', '2215']","['health', 'beautywhite', 'tea', 'elizabeth', 'arden', '33', '34', 'oz', 'edt', 'perfume', 'women', 'tester', '2215']","['health', 'beautywhit', 'tea', 'elizabeth', 'arden', '33', '34', 'oz', 'edt', 'perfum', 'women', 'tester', '2215']"
8,NyxCosmetics Hiii happy #FanFriday! Using NYX Matte Liquid liner- my fave!,ham,0,NyxCosmetics Hiii happy FanFriday Using NYX Matte Liquid liner my fave,"['nyxcosmetics', 'hiii', 'happy', 'fanfriday', 'using', 'nyx', 'matte', 'liquid', 'liner', 'my', 'fave']","['nyxcosmetics', 'hiii', 'happy', 'fanfriday', 'using', 'nyx', 'matte', 'liquid', 'liner', 'fave']","['nyxcosmet', 'hiii', 'happi', 'fanfriday', 'use', 'nyx', 'matt', 'liquid', 'liner', 'fave']"
9,..DONT MISS THIS #FREE FREE FREE clinique products..Just register,spam,1,DONT MISS THIS FREE FREE FREE clinique productsJust register,"['', 'dont', 'miss', 'this', 'free', 'free', 'free', 'clinique', 'productsjust', 'register', '']","['', 'dont', 'miss', 'free', 'free', 'free', 'clinique', 'productsjust', 'register', '']","['', 'dont', 'miss', 'free', 'free', 'free', 'cliniqu', 'productsjust', 'regist', '']"
10,Check out Fenty Beauty Fanny Pack / Bum Bag,ham,0,Check out Fenty Beauty Fanny Pack  Bum Bag,"['check', 'out', 'fenty', 'beauty', 'fanny', 'pack', 'bum', 'bag']","['check', 'fenty', 'beauty', 'fanny', 'pack', 'bum', 'bag']","['check', 'fenti', 'beauti', 'fanni', 'pack', 'bum', 'bag']"
11,Wiki Voucher Code:#Clinique Get three free minis plus free delivery when you spend £40 or more at Clin ,ham,0,Wiki Voucher CodeClinique Get three free minis plus free delivery when you spend £40 or more at Clin ,"['wiki', 'voucher', 'codeclinique', 'get', 'three', 'free', 'minis', 'plus', 'free', 'delivery', 'when', 'you', 'spend', '40', 'or', 'more', 'at', 'clin', '']","['wiki', 'voucher', 'codeclinique', 'get', 'three', 'free', 'minis', 'plus', 'free', 'delivery', 'spend', '40', 'clin', '']","['wiki', 'voucher', 'codecliniqu', 'get', 'three', 'free', 'mini', 'plu', 'free', 'deliveri', 'spend', '40', 'clin', '']"
12,@ohmybeautybank Moisturizer Nivea\nSun screen L'oreal\nPrimer Maybelline\nloose powder Emina\nMascara Maybelline Hyper,ham,0,ohmybeautybank Moisturizer NiveanSun screen LorealnPrimer Maybellinenloose powder EminanMascara Maybelline Hyper,"['ohmybeautybank', 'moisturizer', 'niveansun', 'screen', 'lorealnprimer', 'maybellinenloose', 'powder', 'eminanmascara', 'maybelline', 'hyper']","['ohmybeautybank', 'moisturizer', 'niveansun', 'screen', 'lorealnprimer', 'maybellinenloose', 'powder', 'eminanmascara', 'maybelline', 'hyper']","['ohmybeautybank', 'moistur', 'niveansun', 'screen', 'lorealnprim', 'maybellinenloos', 'powder', 'eminanmascara', 'maybellin', 'hyper']"
13,Vicky Nixon:@glow_smokey Lancome Miracle. Also really love the flowerbomb,ham,0,Vicky Nixonglowsmokey Lancome Miracle Also really love the flowerbomb,"['vicky', 'nixonglowsmokey', 'lancome', 'miracle', 'also', 'really', 'love', 'the', 'flowerbomb']","['vicky', 'nixonglowsmokey', 'lancome', 'miracle', 'also', 'really', 'love', 'flowerbomb']","['vicki', 'nixonglowsmokey', 'lancom', 'miracl', 'also', 'realli', 'love', 'flowerbomb']"
14,Fenty Beauty unveils Cheeks Out Freestyle Cream Blush campaign with Rihanna,ham,0,Fenty Beauty unveils Cheeks Out Freestyle Cream Blush campaign with Rihanna,"['fenty', 'beauty', 'unveils', 'cheeks', 'out', 'freestyle', 'cream', 'blush', 'campaign', 'with', 'rihanna']","['fenty', 'beauty', 'unveils', 'cheeks', 'freestyle', 'cream', 'blush', 'campaign', 'rihanna']","['fenti', 'beauti', 'unveil', 'cheek', 'freestyl', 'cream', 'blush', 'campaign', 'rihanna']"
15,[NYX Slim Lip Liner Pencil - Nude Truffle - SLP 855] #LipLiners,ham,0,NYX Slim Lip Liner Pencil  Nude Truffle  SLP 855 LipLiners,"['nyx', 'slim', 'lip', 'liner', 'pencil', 'nude', 'truffle', 'slp', '855', 'lipliners']","['nyx', 'slim', 'lip', 'liner', 'pencil', 'nude', 'truffle', 'slp', '855', 'lipliners']","['nyx', 'slim', 'lip', 'liner', 'pencil', 'nude', 'truffl', 'slp', '855', 'liplin']"
16,I\u2019m shade light ivory in Nyx total control drop foundation; does anyone know what shade I\u2019d be in the colour pop ti\u2026,ham,0,Iu2019m shade light ivory in Nyx total control drop foundation does anyone know what shade Iu2019d be in the colour pop tiu2026,"['iu2019m', 'shade', 'light', 'ivory', 'in', 'nyx', 'total', 'control', 'drop', 'foundation', 'does', 'anyone', 'know', 'what', 'shade', 'iu2019d', 'be', 'in', 'the', 'colour', 'pop', 'tiu2026']","['iu2019m', 'shade', 'light', 'ivory', 'nyx', 'total', 'control', 'drop', 'foundation', 'anyone', 'know', 'shade', 'iu2019d', 'colour', 'pop', 'tiu2026']","['iu2019m', 'shade', 'light', 'ivori', 'nyx', 'total', 'control', 'drop', 'foundat', 'anyon', 'know', 'shade', 'iu2019d', 'colour', 'pop', 'tiu2026']"
17,@Muhasaaa: Brown lip liner and NYX butter gloss fortune cookie &gt;&gt;&gt; best nude on all complexions,ham,0,Muhasaaa Brown lip liner and NYX butter gloss fortune cookie gtgtgt best nude on all complexions,"['muhasaaa', 'brown', 'lip', 'liner', 'and', 'nyx', 'butter', 'gloss', 'fortune', 'cookie', 'gtgtgt', 'best', 'nude', 'on', 'all', 'complexions']","['muhasaaa', 'brown', 'lip', 'liner', 'nyx', 'butter', 'gloss', 'fortune', 'cookie', 'gtgtgt', 'best', 'nude', 'complexions']","['muhasaaa', 'brown', 'lip', 'liner', 'nyx', 'butter', 'gloss', 'fortun', 'cooki', 'gtgtgt', 'best', 'nude', 'complexion']"
18,50% Off + Free 6-pc. Gift + FS on Elizabeth Arden Mother's Day Sitewide Sale + 10% Cash Back,spam,1,50 Off  Free 6pc Gift  FS on Elizabeth Arden Mothers Day Sitewide Sale  10 Cash Back,"['50', 'off', 'free', '6pc', 'gift', 'fs', 'on', 'elizabeth', 'arden', 'mothers', 'day', 'sitewide', 'sale', '10', 'cash', 'back']","['50', 'free', '6pc', 'gift', 'fs', 'elizabeth', 'arden', 'mothers', 'day', 'sitewide', 'sale', '10', 'cash', 'back']","['50', 'free', '6pc', 'gift', 'fs', 'elizabeth', 'arden', 'mother', 'day', 'sitewid', 'sale', '10', 'cash', 'back']"
19,clarins_uk love the products,ham,0,clarinsuk love the products,"['clarinsuk', 'love', 'the', 'products']","['clarinsuk', 'love', 'products']","['clarinsuk', 'love', 'product']"
20,Fenty Beauty PRO Filt\u2019R Hydrating\u00a0Foundation,ham,0,Fenty Beauty PRO Filtu2019R Hydratingu00a0Foundation,"['fenty', 'beauty', 'pro', 'filtu2019r', 'hydratingu00a0foundation']","['fenty', 'beauty', 'pro', 'filtu2019r', 'hydratingu00a0foundation']","['fenti', 'beauti', 'pro', 'filtu2019r', 'hydratingu00a0found']"
21,You really said FENTY is up there with givenchy and Fendi with your whole chest hm \ud83d\ude2c,ham,0,You really said FENTY is up there with givenchy and Fendi with your whole chest hm ud83dude2c,"['you', 'really', 'said', 'fenty', 'is', 'up', 'there', 'with', 'givenchy', 'and', 'fendi', 'with', 'your', 'whole', 'chest', 'hm', 'ud83dude2c']","['really', 'said', 'fenty', 'givenchy', 'fendi', 'whole', 'chest', 'hm', 'ud83dude2c']","['realli', 'said', 'fenti', 'givenchi', 'fendi', 'whole', 'chest', 'hm', 'ud83dude2c']"
22,@bretmanrock: It was so cute working with @nyxcosmetics this year. My code DABADDEST still werks for 10% OFF all NYX Cosmetics products,ham,0,bretmanrock It was so cute working with nyxcosmetics this year My code DABADDEST still werks for 10 OFF all NYX Cosmetics products,"['bretmanrock', 'it', 'was', 'so', 'cute', 'working', 'with', 'nyxcosmetics', 'this', 'year', 'my', 'code', 'dabaddest', 'still', 'werks', 'for', '10', 'off', 'all', 'nyx', 'cosmetics', 'products']","['bretmanrock', 'cute', 'working', 'nyxcosmetics', 'year', 'code', 'dabaddest', 'still', 'werks', '10', 'nyx', 'cosmetics', 'products']","['bretmanrock', 'cute', 'work', 'nyxcosmet', 'year', 'code', 'dabaddest', 'still', 'werk', '10', 'nyx', 'cosmet', 'product']"
23,Florida woman.@SadAndYellow MAC Studio Fix (the one I wore) is $31. Fenty is $35. The only other brand that I've heard rivaling F,ham,0,Florida womanSadAndYellow MAC Studio Fix the one I wore is 31 Fenty is 35 The only other brand that Ive heard rivaling F,"['florida', 'womansadandyellow', 'mac', 'studio', 'fix', 'the', 'one', 'i', 'wore', 'is', '31', 'fenty', 'is', '35', 'the', 'only', 'other', 'brand', 'that', 'ive', 'heard', 'rivaling', 'f', '']","['florida', 'womansadandyellow', 'mac', 'studio', 'fix', 'one', 'wore', '31', 'fenty', '35', 'brand', 'ive', 'heard', 'rivaling', 'f', '']","['florida', 'womansadandyellow', 'mac', 'studio', 'fix', 'one', 'wore', '31', 'fenti', '35', 'brand', 'ive', 'heard', 'rival', 'f', '']"
24,"RT @MaryKay: \Remember that you really are wonderful.\"" \u2013 Mary Kay Ash #MondayMotivation #MaryKay",ham,0,RT MaryKay Remember that you really are wonderful u2013 Mary Kay Ash MondayMotivation MaryKay,"['rt', 'marykay', 'remember', 'that', 'you', 'really', 'are', 'wonderful', 'u2013', 'mary', 'kay', 'ash', 'mondaymotivation', 'marykay']","['rt', 'marykay', 'remember', 'really', 'wonderful', 'u2013', 'mary', 'kay', 'ash', 'mondaymotivation', 'marykay']","['rt', 'marykay', 'rememb', 'realli', 'wonder', 'u2013', 'mari', 'kay', 'ash', 'mondaymotiv', 'marykay']"
25,GREAT DEAL...$9.75 Clinique Skincare Set + F\/S\n\n($40.50 Value),spam,1,GREAT DEAL975 Clinique Skincare Set  FSnn4050 Value,"['', 'great', 'deal975', 'clinique', 'skincare', 'set', 'fsnn4050', 'value']","['', 'great', 'deal975', 'clinique', 'skincare', 'set', 'fsnn4050', 'value']","['', 'great', 'deal975', 'cliniqu', 'skincar', 'set', 'fsnn4050', 'valu']"
26,RealCodeDiscount:***?????? ??????????U???? / ???????? / ?????????????? ??????????***-The PRICE can CHANGE  ANY TIME-**£12.02**,spam,1,RealCodeDiscount U     The PRICE can CHANGE  ANY TIME£1202,"['realcodediscount', 'u', 'the', 'price', 'can', 'change', 'any', 'time', '1202']","['realcodediscount', 'u', 'price', 'change', 'time', '1202']","['realcodediscount', 'u', 'price', 'chang', 'time', '1202']"
27,"Marykay products really are wonderful.\"" \u2013 Mary Kay Ash #MondayMotivation #MaryKay",ham,0,Marykay products really are wonderful u2013 Mary Kay Ash MondayMotivation MaryKay,"['marykay', 'products', 'really', 'are', 'wonderful', 'u2013', 'mary', 'kay', 'ash', 'mondaymotivation', 'marykay']","['marykay', 'products', 'really', 'wonderful', 'u2013', 'mary', 'kay', 'ash', 'mondaymotivation', 'marykay']","['marykay', 'product', 'realli', 'wonder', 'u2013', 'mari', 'kay', 'ash', 'mondaymotiv', 'marykay']"
28,Being the Goddess of the night- NYX loves all things dark and mysterious. This Friday @cazztek's 'To The Beat',ham,0,Being the Goddess of the night NYX loves all things dark and mysterious This Friday cazzteks To The Beat,"['being', 'the', 'goddess', 'of', 'the', 'night', 'nyx', 'loves', 'all', 'things', 'dark', 'and', 'mysterious', 'this', 'friday', 'cazzteks', 'to', 'the', 'beat']","['goddess', 'night', 'nyx', 'loves', 'things', 'dark', 'mysterious', 'friday', 'cazzteks', 'beat']","['goddess', 'night', 'nyx', 'love', 'thing', 'dark', 'mysteri', 'friday', 'cazztek', 'beat']"
29,anyway - the only celeb make up brand i support and regularly buy from is fenty beauty. everyone else can go home,ham,0,anyway  the only celeb make up brand i support and regularly buy from is fenty beauty everyone else can go home,"['anyway', 'the', 'only', 'celeb', 'make', 'up', 'brand', 'i', 'support', 'and', 'regularly', 'buy', 'from', 'is', 'fenty', 'beauty', 'everyone', 'else', 'can', 'go', 'home']","['anyway', 'celeb', 'make', 'brand', 'support', 'regularly', 'buy', 'fenty', 'beauty', 'everyone', 'else', 'go', 'home']","['anyway', 'celeb', 'make', 'brand', 'support', 'regularli', 'buy', 'fenti', 'beauti', 'everyon', 'els', 'go', 'home']"
30,@themaiarain Is this the nyx matte but glittery lipstickMary Kay #Cosmetics are new #advertisers with The Net magazines- find them in your copy or on our website at\u2026,ham,0,themaiarain Is this the nyx matte but glittery lipstickMary Kay Cosmetics are new advertisers with The Net magazines find them in your copy or on our website atu2026,"['themaiarain', 'is', 'this', 'the', 'nyx', 'matte', 'but', 'glittery', 'lipstickmary', 'kay', 'cosmetics', 'are', 'new', 'advertisers', 'with', 'the', 'net', 'magazines', 'find', 'them', 'in', 'your', 'copy', 'or', 'on', 'our', 'website', 'atu2026']","['themaiarain', 'nyx', 'matte', 'glittery', 'lipstickmary', 'kay', 'cosmetics', 'new', 'advertisers', 'net', 'magazines', 'find', 'copy', 'website', 'atu2026']","['themaiarain', 'nyx', 'matt', 'glitteri', 'lipstickmari', 'kay', 'cosmet', 'new', 'advertis', 'net', 'magazin', 'find', 'copi', 'websit', 'atu2026']"
31,"Check out what I just added to my closet on Poshmark: Mary Kay travel bag. Earning #cryptocurrency for selling my stuff on @Listia! Join me using code \""BMNTCV\"" for an extra 100 XNK",spam,1,Check out what I just added to my closet on Poshmark Mary Kay travel bag Earning cryptocurrency for selling my stuff on Listia Join me using code BMNTCV for an extra 100 XNK,"['check', 'out', 'what', 'i', 'just', 'added', 'to', 'my', 'closet', 'on', 'poshmark', 'mary', 'kay', 'travel', 'bag', 'earning', 'cryptocurrency', 'for', 'selling', 'my', 'stuff', 'on', 'listia', 'join', 'me', 'using', 'code', 'bmntcv', 'for', 'an', 'extra', '100', 'xnk']","['check', 'added', 'closet', 'poshmark', 'mary', 'kay', 'travel', 'bag', 'earning', 'cryptocurrency', 'selling', 'stuff', 'listia', 'join', 'using', 'code', 'bmntcv', 'extra', '100', 'xnk']","['check', 'ad', 'closet', 'poshmark', 'mari', 'kay', 'travel', 'bag', 'earn', 'cryptocurr', 'sell', 'stuff', 'listia', 'join', 'use', 'code', 'bmntcv', 'extra', '100', 'xnk']"
32,DivineBrine: Natural glam &amp; using my very own gloss\u2728 @MorpheBrushes @fentybeauty @ABHcosmetics @LORAC_Cosmetics @Itcosmetics,ham,0,DivineBrine Natural glam amp using my very own glossu2728 MorpheBrushes fentybeauty ABHcosmetics LORACCosmetics Itcosmetics,"['divinebrine', 'natural', 'glam', 'amp', 'using', 'my', 'very', 'own', 'glossu2728', 'morphebrushes', 'fentybeauty', 'abhcosmetics', 'loraccosmetics', 'itcosmetics']","['divinebrine', 'natural', 'glam', 'amp', 'using', 'glossu2728', 'morphebrushes', 'fentybeauty', 'abhcosmetics', 'loraccosmetics', 'itcosmetics']","['divinebrin', 'natur', 'glam', 'amp', 'use', 'glossu2728', 'morphebrush', 'fentybeauti', 'abhcosmet', 'loraccosmet', 'itcosmet']"
33,LUCKY..@boxycharm:Here's Sneak Peek 3 for our BoxyCharm X Fenty Beauty Premium Box! All Premium members get a FREE @fentybeauty ,spam,1,LUCKYboxycharmHeres Sneak Peek 3 for our BoxyCharm X Fenty Beauty Premium Box All Premium members get a FREE fentybeauty ,"['lucky', 'boxycharmheres', 'sneak', 'peek', '3', 'for', 'our', 'boxycharm', 'x', 'fenty', 'beauty', 'premium', 'box', 'all', 'premium', 'members', 'get', 'a', 'free', 'fentybeauty', '']","['lucky', 'boxycharmheres', 'sneak', 'peek', '3', 'boxycharm', 'x', 'fenty', 'beauty', 'premium', 'box', 'premium', 'members', 'get', 'free', 'fentybeauty', '']","['lucki', 'boxycharmher', 'sneak', 'peek', '3', 'boxycharm', 'x', 'fenti', 'beauti', 'premium', 'box', 'premium', 'member', 'get', 'free', 'fentybeauti', '']"
34,Clinique Dramatically Different Moisturizing Cream Very Dry Dry Combination 50ml,ham,0,Clinique Dramatically Different Moisturizing Cream Very Dry Dry Combination 50ml,"['clinique', 'dramatically', 'different', 'moisturizing', 'cream', 'very', 'dry', 'dry', 'combination', '50ml']","['clinique', 'dramatically', 'different', 'moisturizing', 'cream', 'dry', 'dry', 'combination', '50ml']","['cliniqu', 'dramat', 'differ', 'moistur', 'cream', 'dri', 'dri', 'combin', '50ml']"
35,FENTY BEAUTY STUNNA LIP PAINT REVIEW,ham,0,FENTY BEAUTY STUNNA LIP PAINT REVIEW,"['fenty', 'beauty', 'stunna', 'lip', 'paint', 'review']","['fenty', 'beauty', 'stunna', 'lip', 'paint', 'review']","['fenti', 'beauti', 'stunna', 'lip', 'paint', 'review']"
36,Lot of 3 Clinique 7 Day Scrub Cream Rinse-off Formula 30ml,ham,0,Lot of 3 Clinique 7 Day Scrub Cream Rinseoff Formula 30ml,"['lot', 'of', '3', 'clinique', '7', 'day', 'scrub', 'cream', 'rinseoff', 'formula', '30ml']","['lot', '3', 'clinique', '7', 'day', 'scrub', 'cream', 'rinseoff', 'formula', '30ml']","['lot', '3', 'cliniqu', '7', 'day', 'scrub', 'cream', 'rinseoff', 'formula', '30ml']"
37,Get a free $100 Mary Kay Gift Card! It will only take 1 minute of your time,spam,1,Get a free 100 Mary Kay Gift Card It will only take 1 minute of your time,"['get', 'a', 'free', '100', 'mary', 'kay', 'gift', 'card', 'it', 'will', 'only', 'take', '1', 'minute', 'of', 'your', 'time']","['get', 'free', '100', 'mary', 'kay', 'gift', 'card', 'take', '1', 'minute', 'time']","['get', 'free', '100', 'mari', 'kay', 'gift', 'card', 'take', '1', 'minut', 'time']"
38,NYX PROFESSIONAL MAKEUP Make Up Setting Spray Matte Finish Bundle with Dewy Finish - Combo\n   \nGet it for $9.98,ham,0,NYX PROFESSIONAL MAKEUP Make Up Setting Spray Matte Finish Bundle with Dewy Finish  Combon   nGet it for 998,"['nyx', 'professional', 'makeup', 'make', 'up', 'setting', 'spray', 'matte', 'finish', 'bundle', 'with', 'dewy', 'finish', 'combon', 'nget', 'it', 'for', '998']","['nyx', 'professional', 'makeup', 'make', 'setting', 'spray', 'matte', 'finish', 'bundle', 'dewy', 'finish', 'combon', 'nget', '998']","['nyx', 'profession', 'makeup', 'make', 'set', 'spray', 'matt', 'finish', 'bundl', 'dewi', 'finish', 'combon', 'nget', '998']"
39,@GiantessNyx Yay!! We really seem to have similar taste in movies and shows. What are your faves Nyx?,ham,0,GiantessNyx Yay We really seem to have similar taste in movies and shows What are your faves Nyx,"['giantessnyx', 'yay', 'we', 'really', 'seem', 'to', 'have', 'similar', 'taste', 'in', 'movies', 'and', 'shows', 'what', 'are', 'your', 'faves', 'nyx']","['giantessnyx', 'yay', 'really', 'seem', 'similar', 'taste', 'movies', 'shows', 'faves', 'nyx']","['giantessnyx', 'yay', 'realli', 'seem', 'similar', 'tast', 'movi', 'show', 'fave', 'nyx']"
40,[NYX PROFESSIONAL MAKEUP Pore Filler Primer] #BronzersHighlighters,ham,0,NYX PROFESSIONAL MAKEUP Pore Filler Primer BronzersHighlighters,"['nyx', 'professional', 'makeup', 'pore', 'filler', 'primer', 'bronzershighlighters']","['nyx', 'professional', 'makeup', 'pore', 'filler', 'primer', 'bronzershighlighters']","['nyx', 'profession', 'makeup', 'pore', 'filler', 'primer', 'bronzershighlight']"
41,I love a good NARS but NYX can get it too-beloved,ham,0,I love a good NARS but NYX can get it toobeloved,"['i', 'love', 'a', 'good', 'nars', 'but', 'nyx', 'can', 'get', 'it', 'toobeloved']","['love', 'good', 'nars', 'nyx', 'get', 'toobeloved']","['love', 'good', 'nar', 'nyx', 'get', 'toobelov']"
42,"Working at L'Oreal emptying bottles of lotion at 2 am with her boss who says--\""Is this NOT the MOST fun thing you'v\u2026",ham,0,Working at LOreal emptying bottles of lotion at 2 am with her boss who saysIs this NOT the MOST fun thing youvu2026,"['working', 'at', 'loreal', 'emptying', 'bottles', 'of', 'lotion', 'at', '2', 'am', 'with', 'her', 'boss', 'who', 'saysis', 'this', 'not', 'the', 'most', 'fun', 'thing', 'youvu2026']","['working', 'loreal', 'emptying', 'bottles', 'lotion', '2', 'boss', 'saysis', 'fun', 'thing', 'youvu2026']","['work', 'loreal', 'empti', 'bottl', 'lotion', '2', 'boss', 'saysi', 'fun', 'thing', 'youvu2026']"
43,Fenty Beauty foundation is 100% worth the money. Like the true dirt ball that I am- I drank too much on S\u2026,ham,0,Fenty Beauty foundation is 100 worth the money Like the true dirt ball that I am I drank too much on Su2026,"['fenty', 'beauty', 'foundation', 'is', '100', 'worth', 'the', 'money', 'like', 'the', 'true', 'dirt', 'ball', 'that', 'i', 'am', 'i', 'drank', 'too', 'much', 'on', 'su2026']","['fenty', 'beauty', 'foundation', '100', 'worth', 'money', 'like', 'true', 'dirt', 'ball', 'drank', 'much', 'su2026']","['fenti', 'beauti', 'foundat', '100', 'worth', 'money', 'like', 'true', 'dirt', 'ball', 'drank', 'much', 'su2026']"
44,L'Oreal Paris Skin Care Clean Artiste Oil Free Eye Makeup Remover (2 Pack) for $11.98,ham,0,LOreal Paris Skin Care Clean Artiste Oil Free Eye Makeup Remover 2 Pack for 1198,"['loreal', 'paris', 'skin', 'care', 'clean', 'artiste', 'oil', 'free', 'eye', 'makeup', 'remover', '2', 'pack', 'for', '1198']","['loreal', 'paris', 'skin', 'care', 'clean', 'artiste', 'oil', 'free', 'eye', 'makeup', 'remover', '2', 'pack', '1198']","['loreal', 'pari', 'skin', 'care', 'clean', 'artist', 'oil', 'free', 'eye', 'makeup', 'remov', '2', 'pack', '1198']"
45,My favorite nyx lipstick is about to end soon and idk where to buy that color it came in pack that was a gift,ham,0,My favorite nyx lipstick is about to end soon and idk where to buy that color it came in pack that was a gift,"['my', 'favorite', 'nyx', 'lipstick', 'is', 'about', 'to', 'end', 'soon', 'and', 'idk', 'where', 'to', 'buy', 'that', 'color', 'it', 'came', 'in', 'pack', 'that', 'was', 'a', 'gift']","['favorite', 'nyx', 'lipstick', 'end', 'soon', 'idk', 'buy', 'color', 'came', 'pack', 'gift']","['favorit', 'nyx', 'lipstick', 'end', 'soon', 'idk', 'buy', 'color', 'came', 'pack', 'gift']"
46,"@MaryKay: \""Remember that you really are wonderful.\"" \u2013 Mary Kay Ash #MondayMotivation #MaryKay",ham,0,MaryKay Remember that you really are wonderful u2013 Mary Kay Ash MondayMotivation MaryKay,"['marykay', 'remember', 'that', 'you', 'really', 'are', 'wonderful', 'u2013', 'mary', 'kay', 'ash', 'mondaymotivation', 'marykay']","['marykay', 'remember', 'really', 'wonderful', 'u2013', 'mary', 'kay', 'ash', 'mondaymotivation', 'marykay']","['marykay', 'rememb', 'realli', 'wonder', 'u2013', 'mari', 'kay', 'ash', 'mondaymotiv', 'marykay']"
47,Enter to win  + makeup goodies #giveaway #makeup #books #NYX #ELFcosmetics,spam,1,Enter to win   makeup goodies giveaway makeup books NYX ELFcosmetics,"['enter', 'to', 'win', 'makeup', 'goodies', 'giveaway', 'makeup', 'books', 'nyx', 'elfcosmetics']","['enter', 'win', 'makeup', 'goodies', 'giveaway', 'makeup', 'books', 'nyx', 'elfcosmetics']","['enter', 'win', 'makeup', 'goodi', 'giveaway', 'makeup', 'book', 'nyx', 'elfcosmet']"
48,"Check out MAC Cosmetics Promotional Poster \""HIPNOTIQUE\"" 24 x 34.5 - Rare\u00a0 #MAC",ham,0,Check out MAC Cosmetics Promotional Poster HIPNOTIQUE 24 x 345  Rareu00a0 MAC,"['check', 'out', 'mac', 'cosmetics', 'promotional', 'poster', 'hipnotique', '24', 'x', '345', 'rareu00a0', 'mac']","['check', 'mac', 'cosmetics', 'promotional', 'poster', 'hipnotique', '24', 'x', '345', 'rareu00a0', 'mac']","['check', 'mac', 'cosmet', 'promot', 'poster', 'hipnotiqu', '24', 'x', '345', 'rareu00a0', 'mac']"
49,I just discovered this on Poshmark: New in Boxes! Mary Kay Makeup Bundle,ham,0,I just discovered this on Poshmark New in Boxes Mary Kay Makeup Bundle,"['i', 'just', 'discovered', 'this', 'on', 'poshmark', 'new', 'in', 'boxes', 'mary', 'kay', 'makeup', 'bundle']","['discovered', 'poshmark', 'new', 'boxes', 'mary', 'kay', 'makeup', 'bundle']","['discov', 'poshmark', 'new', 'box', 'mari', 'kay', 'makeup', 'bundl']"
50,4 for R140 NYX lippies  DM to place an order #GirlTalkZA #GirlBuyZA #GirlzTalkZA,ham,0,4 for R140 NYX lippies  DM to place an order GirlTalkZA GirlBuyZA GirlzTalkZA,"['4', 'for', 'r140', 'nyx', 'lippies', 'dm', 'to', 'place', 'an', 'order', 'girltalkza', 'girlbuyza', 'girlztalkza']","['4', 'r140', 'nyx', 'lippies', 'dm', 'place', 'order', 'girltalkza', 'girlbuyza', 'girlztalkza']","['4', 'r140', 'nyx', 'lippi', 'dm', 'place', 'order', 'girltalkza', 'girlbuyza', 'girlztalkza']"
51,CLINIQUE 6MNY-06 \/EVEN BETTER MAKEUP CN 58 HONEY (PREVIOUSLY 06) 1 OZ,ham,0,CLINIQUE 6MNY06 EVEN BETTER MAKEUP CN 58 HONEY PREVIOUSLY 06 1 OZ,"['clinique', '6mny06', 'even', 'better', 'makeup', 'cn', '58', 'honey', 'previously', '06', '1', 'oz']","['clinique', '6mny06', 'even', 'better', 'makeup', 'cn', '58', 'honey', 'previously', '06', '1', 'oz']","['cliniqu', '6mny06', 'even', 'better', 'makeup', 'cn', '58', 'honey', 'previous', '06', '1', 'oz']"
52,Superbalanced by Clinique Silk Makeup 1oz\/30ml liquid New not In Box,ham,0,Superbalanced by Clinique Silk Makeup 1oz30ml liquid New not In Box,"['superbalanced', 'by', 'clinique', 'silk', 'makeup', '1oz30ml', 'liquid', 'new', 'not', 'in', 'box']","['superbalanced', 'clinique', 'silk', 'makeup', '1oz30ml', 'liquid', 'new', 'box']","['superbalanc', 'cliniqu', 'silk', 'makeup', '1oz30ml', 'liquid', 'new', 'box']"
53,L'Oreal Paris Color Riche Le Stylo Smoky\n \ud83d\udd39 Offer price -£5.00,ham,0,LOreal Paris Color Riche Le Stylo Smokyn ud83dudd39 Offer price £500,"['loreal', 'paris', 'color', 'riche', 'le', 'stylo', 'smokyn', 'ud83dudd39', 'offer', 'price', '500']","['loreal', 'paris', 'color', 'riche', 'le', 'stylo', 'smokyn', 'ud83dudd39', 'offer', 'price', '500']","['loreal', 'pari', 'color', 'rich', 'le', 'stylo', 'smokyn', 'ud83dudd39', 'offer', 'price', '500']"
54,vegan_vexation I love Colourpop elf Nyx and Makeup Revolution products- and Anastasia dip brow. I also love anything by Tarte,ham,0,veganvexation I love Colourpop elf Nyx and Makeup Revolution products and Anastasia dip brow I also love anything by Tarte,"['veganvexation', 'i', 'love', 'colourpop', 'elf', 'nyx', 'and', 'makeup', 'revolution', 'products', 'and', 'anastasia', 'dip', 'brow', 'i', 'also', 'love', 'anything', 'by', 'tarte']","['veganvexation', 'love', 'colourpop', 'elf', 'nyx', 'makeup', 'revolution', 'products', 'anastasia', 'dip', 'brow', 'also', 'love', 'anything', 'tarte']","['veganvex', 'love', 'colourpop', 'elf', 'nyx', 'makeup', 'revolut', 'product', 'anastasia', 'dip', 'brow', 'also', 'love', 'anyth', 'tart']"
55,Clinique Moisture Surge 72 hour auto replenishing hydrator gel-cream 125ml ,ham,0,Clinique Moisture Surge 72 hour auto replenishing hydrator gelcream 125ml ,"['clinique', 'moisture', 'surge', '72', 'hour', 'auto', 'replenishing', 'hydrator', 'gelcream', '125ml', '']","['clinique', 'moisture', 'surge', '72', 'hour', 'auto', 'replenishing', 'hydrator', 'gelcream', '125ml', '']","['cliniqu', 'moistur', 'surg', '72', 'hour', 'auto', 'replenish', 'hydrat', 'gelcream', '125ml', '']"
56,Chowder Brand:White Tea by Elizabeth Arden 3.3 / 3.4 oz EDT Perfume for Women New in Box,ham,0,Chowder BrandWhite Tea by Elizabeth Arden 33  34 oz EDT Perfume for Women New in Box,"['chowder', 'brandwhite', 'tea', 'by', 'elizabeth', 'arden', '33', '34', 'oz', 'edt', 'perfume', 'for', 'women', 'new', 'in', 'box']","['chowder', 'brandwhite', 'tea', 'elizabeth', 'arden', '33', '34', 'oz', 'edt', 'perfume', 'women', 'new', 'box']","['chowder', 'brandwhit', 'tea', 'elizabeth', 'arden', '33', '34', 'oz', 'edt', 'perfum', 'women', 'new', 'box']"
57,"Life Technology:#Beauty #Style #Love LOT! NEW MAKEUP BUNDLE - TOO FACED, ESTEE LAUDER, THE BALM - ALL FULL",ham,0,Life TechnologyBeauty Style Love LOT NEW MAKEUP BUNDLE  TOO FACED ESTEE LAUDER THE BALM  ALL FULL,"['life', 'technology', 'beauty', 'style', 'love', 'lot', 'new', 'makeup', 'bundle', 'too', 'faced', 'estee', 'lauder', 'the', 'balm', 'all', 'full']","['life', 'technology', 'beauty', 'style', 'love', 'lot', 'new', 'makeup', 'bundle', 'faced', 'estee', 'lauder', 'balm', 'full']","['life', 'technolog', 'beauti', 'style', 'love', 'lot', 'new', 'makeup', 'bundl', 'face', 'este', 'lauder', 'balm', 'full']"
58,"Life Technology:#Beauty #Style #Love $85 Value Estee Lauder Beautiful Eau de Parfum, Perfume for Women, 2.5",ham,0,Life TechnologyBeauty Style Love 85 Value Estee Lauder Beautiful Eau de Parfum Perfume for Women 25,"['life', 'technology', 'beauty', 'style', 'love', '85', 'value', 'estee', 'lauder', 'beautiful', 'eau', 'de', 'parfum', 'perfume', 'for', 'women', '25']","['life', 'technology', 'beauty', 'style', 'love', '85', 'value', 'estee', 'lauder', 'beautiful', 'eau', 'de', 'parfum', 'perfume', 'women', '25']","['life', 'technolog', 'beauti', 'style', 'love', '85', 'valu', 'este', 'lauder', 'beauti', 'eau', 'de', 'parfum', 'perfum', 'women', '25']"
59,AlexChrisGaming: MAC-10 Disco Tech #CSGOGiveaway To win:- Retweet - Follow us &amp; @betrefscom,ham,0,AlexChrisGaming MAC10 Disco Tech CSGOGiveaway To win Retweet  Follow us amp betrefscom,"['alexchrisgaming', 'mac10', 'disco', 'tech', 'csgogiveaway', 'to', 'win', 'retweet', 'follow', 'us', 'amp', 'betrefscom']","['alexchrisgaming', 'mac10', 'disco', 'tech', 'csgogiveaway', 'win', 'retweet', 'follow', 'us', 'amp', 'betrefscom']","['alexchrisgam', 'mac10', 'disco', 'tech', 'csgogiveaway', 'win', 'retweet', 'follow', 'us', 'amp', 'betrefscom']"
60,expressionsofbeauty:Hello Monday Just a heads up !The last few days to claim  #GIVEAWAY 80% back on your @clarins_uk purchase from Ex,spam,1,expressionsofbeautyHello Monday Just a heads up The last few days to claim  GIVEAWAY 80 back on your clarinsuk purchase from Ex,"['expressionsofbeautyhello', 'monday', 'just', 'a', 'heads', 'up', 'the', 'last', 'few', 'days', 'to', 'claim', 'giveaway', '80', 'back', 'on', 'your', 'clarinsuk', 'purchase', 'from', 'ex', '']","['expressionsofbeautyhello', 'monday', 'heads', 'last', 'days', 'claim', 'giveaway', '80', 'back', 'clarinsuk', 'purchase', 'ex', '']","['expressionsofbeautyhello', 'monday', 'head', 'last', 'day', 'claim', 'giveaway', '80', 'back', 'clarinsuk', 'purchas', 'ex', '']"
61,NYX Epic Ink Liner Eyeliner Waterproof Color EIL01 Black,ham,0,NYX Epic Ink Liner Eyeliner Waterproof Color EIL01 Black,"['nyx', 'epic', 'ink', 'liner', 'eyeliner', 'waterproof', 'color', 'eil01', 'black']","['nyx', 'epic', 'ink', 'liner', 'eyeliner', 'waterproof', 'color', 'eil01', 'black']","['nyx', 'epic', 'ink', 'liner', 'eyelin', 'waterproof', 'color', 'eil01', 'black']"
62,natashascovey Clinique has a really good skin care line,ham,0,natashascovey Clinique has a really good skin care line,"['natashascovey', 'clinique', 'has', 'a', 'really', 'good', 'skin', 'care', 'line']","['natashascovey', 'clinique', 'really', 'good', 'skin', 'care', 'line']","['natashascovey', 'cliniqu', 'realli', 'good', 'skin', 'care', 'line']"
63,Crone4life @LOrealParisUSA L'Oreal also owns Lancome,ham,0,Crone4life LOrealParisUSA LOreal also owns Lancome,"['crone4life', 'lorealparisusa', 'loreal', 'also', 'owns', 'lancome']","['crone4life', 'lorealparisusa', 'loreal', 'also', 'owns', 'lancome']","['crone4lif', 'lorealparisusa', 'loreal', 'also', 'own', 'lancom']"
64,Check out what I just added to my closet on Poshmark: Mary Kay Travel Mirror,ham,0,Check out what I just added to my closet on Poshmark Mary Kay Travel Mirror,"['check', 'out', 'what', 'i', 'just', 'added', 'to', 'my', 'closet', 'on', 'poshmark', 'mary', 'kay', 'travel', 'mirror']","['check', 'added', 'closet', 'poshmark', 'mary', 'kay', 'travel', 'mirror']","['check', 'ad', 'closet', 'poshmark', 'mari', 'kay', 'travel', 'mirror']"
65,eDealinfo.com:Elizabeth Arden Prevage Anti-aging Moisture Cream only $89.98,ham,0,eDealinfocomElizabeth Arden Prevage Antiaging Moisture Cream only 8998,"['edealinfocomelizabeth', 'arden', 'prevage', 'antiaging', 'moisture', 'cream', 'only', '8998']","['edealinfocomelizabeth', 'arden', 'prevage', 'antiaging', 'moisture', 'cream', '8998']","['edealinfocomelizabeth', 'arden', 'prevag', 'antiag', 'moistur', 'cream', '8998']"
66,Wholesale Makeup Mixed Lot 300 Piece Covergirl L'Oreal NYC Revlon Maybelline Etc,ham,0,Wholesale Makeup Mixed Lot 300 Piece Covergirl LOreal NYC Revlon Maybelline Etc,"['wholesale', 'makeup', 'mixed', 'lot', '300', 'piece', 'covergirl', 'loreal', 'nyc', 'revlon', 'maybelline', 'etc']","['wholesale', 'makeup', 'mixed', 'lot', '300', 'piece', 'covergirl', 'loreal', 'nyc', 'revlon', 'maybelline', 'etc']","['wholesal', 'makeup', 'mix', 'lot', '300', 'piec', 'covergirl', 'loreal', 'nyc', 'revlon', 'maybellin', 'etc']"
67,@dise38 I like the NYX butter gloss &amp; Laneige glowy lip balm in Berry &amp,ham,0,dise38 I like the NYX butter gloss amp Laneige glowy lip balm in Berry amp,"['dise38', 'i', 'like', 'the', 'nyx', 'butter', 'gloss', 'amp', 'laneige', 'glowy', 'lip', 'balm', 'in', 'berry', 'amp']","['dise38', 'like', 'nyx', 'butter', 'gloss', 'amp', 'laneige', 'glowy', 'lip', 'balm', 'berry', 'amp']","['dise38', 'like', 'nyx', 'butter', 'gloss', 'amp', 'laneig', 'glowi', 'lip', 'balm', 'berri', 'amp']"
68, Enter to win a brand new book + lots of makeup goodies in the Feb Beauty &amp; The Book Giveaway,spam,1, Enter to win a brand new book  lots of makeup goodies in the Feb Beauty amp The Book Giveaway,"['', 'enter', 'to', 'win', 'a', 'brand', 'new', 'book', 'lots', 'of', 'makeup', 'goodies', 'in', 'the', 'feb', 'beauty', 'amp', 'the', 'book', 'giveaway']","['', 'enter', 'win', 'brand', 'new', 'book', 'lots', 'makeup', 'goodies', 'feb', 'beauty', 'amp', 'book', 'giveaway']","['', 'enter', 'win', 'brand', 'new', 'book', 'lot', 'makeup', 'goodi', 'feb', 'beauti', 'amp', 'book', 'giveaway']"
69,These are some of my Mary Kay products,ham,0,These are some of my Mary Kay products,"['these', 'are', 'some', 'of', 'my', 'mary', 'kay', 'products']","['mary', 'kay', 'products']","['mari', 'kay', 'product']"
70,angieeeeepm Clinique is the best,ham,0,angieeeeepm Clinique is the best,"['angieeeeepm', 'clinique', 'is', 'the', 'best']","['angieeeeepm', 'clinique', 'best']","['angieeeeepm', 'cliniqu', 'best']"
71,Here's a great deal\nNYX PROFESSIONAL MAKEUP Studio Perfect Primer Clear 1.0 oz\/30ml\n4.2 stars\nPrice:$5.60,ham,0,Heres a great dealnNYX PROFESSIONAL MAKEUP Studio Perfect Primer Clear 10 oz30mln42 starsnPrice560,"['heres', 'a', 'great', 'dealnnyx', 'professional', 'makeup', 'studio', 'perfect', 'primer', 'clear', '10', 'oz30mln42', 'starsnprice560']","['heres', 'great', 'dealnnyx', 'professional', 'makeup', 'studio', 'perfect', 'primer', 'clear', '10', 'oz30mln42', 'starsnprice560']","['here', 'great', 'dealnnyx', 'profession', 'makeup', 'studio', 'perfect', 'primer', 'clear', '10', 'oz30mln42', 'starsnprice560']"
72,Save up to 25% @chemistdirect on L'Oreal Haircare,ham,0,Save up to 25 chemistdirect on LOreal Haircare,"['save', 'up', 'to', '25', 'chemistdirect', 'on', 'loreal', 'haircare']","['save', '25', 'chemistdirect', 'loreal', 'haircare']","['save', '25', 'chemistdirect', 'loreal', 'haircar']"
73,Check out this product  Clarins By Clarins Bust Beauty Extra-lift Gel --50ml-1.7oz by Clarins starting at $53.8,ham,0,Check out this product  Clarins By Clarins Bust Beauty Extralift Gel 50ml17oz by Clarins starting at 538,"['check', 'out', 'this', 'product', 'clarins', 'by', 'clarins', 'bust', 'beauty', 'extralift', 'gel', '50ml17oz', 'by', 'clarins', 'starting', 'at', '538', '']","['check', 'product', 'clarins', 'clarins', 'bust', 'beauty', 'extralift', 'gel', '50ml17oz', 'clarins', 'starting', '538', '']","['check', 'product', 'clarin', 'clarin', 'bust', 'beauti', 'extralift', 'gel', '50ml17oz', 'clarin', 'start', '538', '']"
74, Maybelline and LOreal are the best drugstore brands for makeup.,ham,0, Maybelline and LOreal are the best drugstore brands for makeup,"['', 'maybelline', 'and', 'l', 'oreal', 'are', 'the', 'best', 'drugstore', 'brands', 'for', 'makeup']","['', 'maybelline', 'l', 'oreal', 'best', 'drugstore', 'brands', 'makeup']","['', 'maybellin', 'l', 'oreal', 'best', 'drugstor', 'brand', 'makeup']"
75,AdlineHeere I use the Clinique Hydrating Jelly before sunscreen- and it def cut down on the grease factor,ham,0,AdlineHeere I use the Clinique Hydrating Jelly before sunscreen and it def cut down on the grease factor,"['adlineheere', 'i', 'use', 'the', 'clinique', 'hydrating', 'jelly', 'before', 'sunscreen', 'and', 'it', 'def', 'cut', 'down', 'on', 'the', 'grease', 'factor']","['adlineheere', 'use', 'clinique', 'hydrating', 'jelly', 'sunscreen', 'def', 'cut', 'grease', 'factor']","['adlineheer', 'use', 'cliniqu', 'hydrat', 'jelli', 'sunscreen', 'def', 'cut', 'greas', 'factor']"
76,ShadQWR6: Couldn't agree more but id also say Tex and MKing as well- maybe some nesk as well- it was cool seeing him just flip a switch\u2026,ham,0,ShadQWR6 Couldnt agree more but id also say Tex and MKing as well maybe some nesk as well it was cool seeing him just flip a switchu2026,"['shadqwr6', 'couldnt', 'agree', 'more', 'but', 'id', 'also', 'say', 'tex', 'and', 'mking', 'as', 'well', 'maybe', 'some', 'nesk', 'as', 'well', 'it', 'was', 'cool', 'seeing', 'him', 'just', 'flip', 'a', 'switchu2026']","['shadqwr6', 'couldnt', 'agree', 'id', 'also', 'say', 'tex', 'mking', 'well', 'maybe', 'nesk', 'well', 'cool', 'seeing', 'flip', 'switchu2026']","['shadqwr6', 'couldnt', 'agre', 'id', 'also', 'say', 'tex', 'mking', 'well', 'mayb', 'nesk', 'well', 'cool', 'see', 'flip', 'switchu2026']"
77,"Foundation, try LOréal for drugstore and MAC for high end",ham,0,Foundation try LOréal for drugstore and MAC for high end,"['foundation', 'try', 'l', 'oréal', 'for', 'drugstore', 'and', 'mac', 'for', 'high', 'end']","['foundation', 'try', 'l', 'oréal', 'drugstore', 'mac', 'high', 'end']","['foundat', 'tri', 'l', 'oréal', 'drugstor', 'mac', 'high', 'end']"
78,RT @MaryKay: The perfect products to give your skin the hydration it craves.,ham,0,RT MaryKay The perfect products to give your skin the hydration it craves,"['rt', 'marykay', 'the', 'perfect', 'products', 'to', 'give', 'your', 'skin', 'the', 'hydration', 'it', 'craves']","['rt', 'marykay', 'perfect', 'products', 'give', 'skin', 'hydration', 'craves']","['rt', 'marykay', 'perfect', 'product', 'give', 'skin', 'hydrat', 'crave']"
79,My 2 Valentine\u2019s Day moods \ud83d\udd2a\u2601\ufe0f\ud83d\udc9e\n\n#valentinesday #mua #morphe #abh #nyx #colourpop #benefitcosmetics,ham,0,My 2 Valentineu2019s Day moods ud83dudd2au2601ufe0fud83dudc9ennvalentinesday mua morphe abh nyx colourpop benefitcosmetics,"['my', '2', 'valentineu2019s', 'day', 'moods', 'ud83dudd2au2601ufe0fud83dudc9ennvalentinesday', 'mua', 'morphe', 'abh', 'nyx', 'colourpop', 'benefitcosmetics']","['2', 'valentineu2019s', 'day', 'moods', 'ud83dudd2au2601ufe0fud83dudc9ennvalentinesday', 'mua', 'morphe', 'abh', 'nyx', 'colourpop', 'benefitcosmetics']","['2', 'valentineu2019', 'day', 'mood', 'ud83dudd2au2601ufe0fud83dudc9ennvalentinesday', 'mua', 'morph', 'abh', 'nyx', 'colourpop', 'benefitcosmet']"
80,I use both drugstore and high end makeup brands. This look:\n\nAnastasia Norvina palette\nJuvia's The Zulu palette\nNYX\u2026,ham,0,I use both drugstore and high end makeup brands This looknnAnastasia Norvina palettenJuvias The Zulu palettenNYXu2026,"['i', 'use', 'both', 'drugstore', 'and', 'high', 'end', 'makeup', 'brands', 'this', 'looknnanastasia', 'norvina', 'palettenjuvias', 'the', 'zulu', 'palettennyxu2026']","['use', 'drugstore', 'high', 'end', 'makeup', 'brands', 'looknnanastasia', 'norvina', 'palettenjuvias', 'zulu', 'palettennyxu2026']","['use', 'drugstor', 'high', 'end', 'makeup', 'brand', 'looknnanastasia', 'norvina', 'palettenjuvia', 'zulu', 'palettennyxu2026']"
81,Watching the Academy Awards a L'Oreal commercial came on and sure enough there was Amber Heard,ham,0,Watching the Academy Awards a LOreal commercial came on and sure enough there was Amber Heard,"['watching', 'the', 'academy', 'awards', 'a', 'loreal', 'commercial', 'came', 'on', 'and', 'sure', 'enough', 'there', 'was', 'amber', 'heard']","['watching', 'academy', 'awards', 'loreal', 'commercial', 'came', 'sure', 'enough', 'amber', 'heard']","['watch', 'academi', 'award', 'loreal', 'commerci', 'came', 'sure', 'enough', 'amber', 'heard']"
82,This is Nyx she picks my contest winners,ham,0,This is Nyx she picks my contest winners,"['this', 'is', 'nyx', 'she', 'picks', 'my', 'contest', 'winners']","['nyx', 'picks', 'contest', 'winners']","['nyx', 'pick', 'contest', 'winner']"
83,Clinique Dramatically Different Moisturizing Cream Very Dry Dry Combination 50ml\n@GENGETSUYA1,ham,0,Clinique Dramatically Different Moisturizing Cream Very Dry Dry Combination 50mlnGENGETSUYA1,"['clinique', 'dramatically', 'different', 'moisturizing', 'cream', 'very', 'dry', 'dry', 'combination', '50mlngengetsuya1']","['clinique', 'dramatically', 'different', 'moisturizing', 'cream', 'dry', 'dry', 'combination', '50mlngengetsuya1']","['cliniqu', 'dramat', 'differ', 'moistur', 'cream', 'dri', 'dri', 'combin', '50mlngengetsuya1']"
84,@NyxCosmetics Hiii happy #FanFriday! Using NYX Matte Liquid liner- my fave,ham,0,NyxCosmetics Hiii happy FanFriday Using NYX Matte Liquid liner my fave,"['nyxcosmetics', 'hiii', 'happy', 'fanfriday', 'using', 'nyx', 'matte', 'liquid', 'liner', 'my', 'fave']","['nyxcosmetics', 'hiii', 'happy', 'fanfriday', 'using', 'nyx', 'matte', 'liquid', 'liner', 'fave']","['nyxcosmet', 'hiii', 'happi', 'fanfriday', 'use', 'nyx', 'matt', 'liquid', 'liner', 'fave']"
85,djp1177 Been using Clinique Smart Custom-Repair Eye Treatment for about a month and I really like it. I can definitely tell a difference,ham,0,djp1177 Been using Clinique Smart CustomRepair Eye Treatment for about a month and I really like it I can definitely tell a difference,"['djp1177', 'been', 'using', 'clinique', 'smart', 'customrepair', 'eye', 'treatment', 'for', 'about', 'a', 'month', 'and', 'i', 'really', 'like', 'it', 'i', 'can', 'definitely', 'tell', 'a', 'difference']","['djp1177', 'using', 'clinique', 'smart', 'customrepair', 'eye', 'treatment', 'month', 'really', 'like', 'definitely', 'tell', 'difference']","['djp1177', 'use', 'cliniqu', 'smart', 'customrepair', 'eye', 'treatment', 'month', 'realli', 'like', 'definit', 'tell', 'differ']"
86,@Mayralessandra_ it's from NYX and its called downtown beauty also thank you,ham,0,Mayralessandra its from NYX and its called downtown beauty also thank you,"['mayralessandra', 'its', 'from', 'nyx', 'and', 'its', 'called', 'downtown', 'beauty', 'also', 'thank', 'you']","['mayralessandra', 'nyx', 'called', 'downtown', 'beauty', 'also', 'thank']","['mayralessandra', 'nyx', 'call', 'downtown', 'beauti', 'also', 'thank']"
87,foxymnj ok. I found Clinique repairer anti gravity eye cream. It had good reviews and I thought that was the one you told me,ham,0,foxymnj ok I found Clinique repairer anti gravity eye cream It had good reviews and I thought that was the one you told me,"['foxymnj', 'ok', 'i', 'found', 'clinique', 'repairer', 'anti', 'gravity', 'eye', 'cream', 'it', 'had', 'good', 'reviews', 'and', 'i', 'thought', 'that', 'was', 'the', 'one', 'you', 'told', 'me']","['foxymnj', 'ok', 'found', 'clinique', 'repairer', 'anti', 'gravity', 'eye', 'cream', 'good', 'reviews', 'thought', 'one', 'told']","['foxymnj', 'ok', 'found', 'cliniqu', 'repair', 'anti', 'graviti', 'eye', 'cream', 'good', 'review', 'thought', 'one', 'told']"
88,MARY KAY True Dimensions Sheer Lipstick Sparkling Rose Great value $11.99 #truelipstick #sparklingmary #marysheer,ham,0,MARY KAY True Dimensions Sheer Lipstick Sparkling Rose Great value 1199 truelipstick sparklingmary marysheer,"['mary', 'kay', 'true', 'dimensions', 'sheer', 'lipstick', 'sparkling', 'rose', 'great', 'value', '1199', 'truelipstick', 'sparklingmary', 'marysheer']","['mary', 'kay', 'true', 'dimensions', 'sheer', 'lipstick', 'sparkling', 'rose', 'great', 'value', '1199', 'truelipstick', 'sparklingmary', 'marysheer']","['mari', 'kay', 'true', 'dimens', 'sheer', 'lipstick', 'sparkl', 'rose', 'great', 'valu', '1199', 'truelipstick', 'sparklingmari', 'marysh']"
89,Mary Kay NOURISHINE \/ NOURISHINE PLUS LIP GLOSS Pink Parfait  New in Box Be Inspired! $7.50 #nourishineplus\u2026,ham,0,Mary Kay NOURISHINE  NOURISHINE PLUS LIP GLOSS Pink Parfait  New in Box Be Inspired 750 nourishineplusu2026,"['mary', 'kay', 'nourishine', 'nourishine', 'plus', 'lip', 'gloss', 'pink', 'parfait', 'new', 'in', 'box', 'be', 'inspired', '750', 'nourishineplusu2026']","['mary', 'kay', 'nourishine', 'nourishine', 'plus', 'lip', 'gloss', 'pink', 'parfait', 'new', 'box', 'inspired', '750', 'nourishineplusu2026']","['mari', 'kay', 'nourishin', 'nourishin', 'plu', 'lip', 'gloss', 'pink', 'parfait', 'new', 'box', 'inspir', '750', 'nourishineplusu2026']"
90,whipped berries MARY KAY \ud83c\udf39 signature Creme Lipstick\ud83d\udc84new with Box FREEshp Get it Fast! $23.95 #whippedberries\u2026,ham,0,whipped berries MARY KAY ud83cudf39 signature Creme Lipstickud83dudc84new with Box FREEshp Get it Fast 2395 whippedberriesu2026,"['whipped', 'berries', 'mary', 'kay', 'ud83cudf39', 'signature', 'creme', 'lipstickud83dudc84new', 'with', 'box', 'freeshp', 'get', 'it', 'fast', '2395', 'whippedberriesu2026']","['whipped', 'berries', 'mary', 'kay', 'ud83cudf39', 'signature', 'creme', 'lipstickud83dudc84new', 'box', 'freeshp', 'get', 'fast', '2395', 'whippedberriesu2026']","['whip', 'berri', 'mari', 'kay', 'ud83cudf39', 'signatur', 'creme', 'lipstickud83dudc84new', 'box', 'freeshp', 'get', 'fast', '2395', 'whippedberriesu2026']"
91,New In Box Mary Kay Signature Creme Lipstick Paradise Pink Full Size ~ Fast Ship Best Ever! $9.95 #fullmary\u2026,ham,0,New In Box Mary Kay Signature Creme Lipstick Paradise Pink Full Size  Fast Ship Best Ever 995 fullmaryu2026,"['new', 'in', 'box', 'mary', 'kay', 'signature', 'creme', 'lipstick', 'paradise', 'pink', 'full', 'size', 'fast', 'ship', 'best', 'ever', '995', 'fullmaryu2026']","['new', 'box', 'mary', 'kay', 'signature', 'creme', 'lipstick', 'paradise', 'pink', 'full', 'size', 'fast', 'ship', 'best', 'ever', '995', 'fullmaryu2026']","['new', 'box', 'mari', 'kay', 'signatur', 'creme', 'lipstick', 'paradis', 'pink', 'full', 'size', 'fast', 'ship', 'best', 'ever', '995', 'fullmaryu2026']"
92,Mary Kay MK Signature Just Glossy Set Lip Gloss Trio Travel Size Mini NouriShine Great value $14.00 #minikay\u2026,ham,0,Mary Kay MK Signature Just Glossy Set Lip Gloss Trio Travel Size Mini NouriShine Great value 1400 minikayu2026,"['mary', 'kay', 'mk', 'signature', 'just', 'glossy', 'set', 'lip', 'gloss', 'trio', 'travel', 'size', 'mini', 'nourishine', 'great', 'value', '1400', 'minikayu2026']","['mary', 'kay', 'mk', 'signature', 'glossy', 'set', 'lip', 'gloss', 'trio', 'travel', 'size', 'mini', 'nourishine', 'great', 'value', '1400', 'minikayu2026']","['mari', 'kay', 'mk', 'signatur', 'glossi', 'set', 'lip', 'gloss', 'trio', 'travel', 'size', 'mini', 'nourishin', 'great', 'valu', '1400', 'minikayu2026']"
93,Finally bought an eyebrow pencil because NYX always fucking sold out. My eyebrows were looking hurt,ham,0,Finally bought an eyebrow pencil because NYX always fucking sold out My eyebrows were looking hurt,"['finally', 'bought', 'an', 'eyebrow', 'pencil', 'because', 'nyx', 'always', 'fucking', 'sold', 'out', 'my', 'eyebrows', 'were', 'looking', 'hurt']","['finally', 'bought', 'eyebrow', 'pencil', 'nyx', 'always', 'fucking', 'sold', 'eyebrows', 'looking', 'hurt']","['final', 'bought', 'eyebrow', 'pencil', 'nyx', 'alway', 'fuck', 'sold', 'eyebrow', 'look', 'hurt']"
94,So good I had to share! Check out all the items I'm loving on @Poshmarkapp #poshmark #fashion #style #shopmycloset\u2026,ham,0,So good I had to share Check out all the items Im loving on Poshmarkapp poshmark fashion style shopmyclosetu2026,"['so', 'good', 'i', 'had', 'to', 'share', 'check', 'out', 'all', 'the', 'items', 'im', 'loving', 'on', 'poshmarkapp', 'poshmark', 'fashion', 'style', 'shopmyclosetu2026']","['good', 'share', 'check', 'items', 'im', 'loving', 'poshmarkapp', 'poshmark', 'fashion', 'style', 'shopmyclosetu2026']","['good', 'share', 'check', 'item', 'im', 'love', 'poshmarkapp', 'poshmark', 'fashion', 'style', 'shopmyclosetu2026']"
95,Impatiently waiting for NYX to restock the Sabrina collection especially the eyeshadow palette since it\u2019s sold out\u2026,ham,0,Impatiently waiting for NYX to restock the Sabrina collection especially the eyeshadow palette since itu2019s sold outu2026,"['impatiently', 'waiting', 'for', 'nyx', 'to', 'restock', 'the', 'sabrina', 'collection', 'especially', 'the', 'eyeshadow', 'palette', 'since', 'itu2019s', 'sold', 'outu2026']","['impatiently', 'waiting', 'nyx', 'restock', 'sabrina', 'collection', 'especially', 'eyeshadow', 'palette', 'since', 'itu2019s', 'sold', 'outu2026']","['impati', 'wait', 'nyx', 'restock', 'sabrina', 'collect', 'especi', 'eyeshadow', 'palett', 'sinc', 'itu2019', 'sold', 'outu2026']"
96,Freshen Up Your Eyes with Fenty Beauty's New Snap Shadows Mix &amp; Match #Eyeshadow Palettes! #FENTYBEAUTY #Gifted\u2026,ham,0,Freshen Up Your Eyes with Fenty Beautys New Snap Shadows Mix amp Match Eyeshadow Palettes FENTYBEAUTY Giftedu2026,"['freshen', 'up', 'your', 'eyes', 'with', 'fenty', 'beautys', 'new', 'snap', 'shadows', 'mix', 'amp', 'match', 'eyeshadow', 'palettes', 'fentybeauty', 'giftedu2026']","['freshen', 'eyes', 'fenty', 'beautys', 'new', 'snap', 'shadows', 'mix', 'amp', 'match', 'eyeshadow', 'palettes', 'fentybeauty', 'giftedu2026']","['freshen', 'eye', 'fenti', 'beauti', 'new', 'snap', 'shadow', 'mix', 'amp', 'match', 'eyeshadow', 'palett', 'fentybeauti', 'giftedu2026']"
97,we are anxiously waiting for the collab! i love using mac cosmetics and having my fave makeup artist collab with y\u2019\u2026,ham,0,we are anxiously waiting for the collab i love using mac cosmetics and having my fave makeup artist collab with yu2019u2026,"['we', 'are', 'anxiously', 'waiting', 'for', 'the', 'collab', 'i', 'love', 'using', 'mac', 'cosmetics', 'and', 'having', 'my', 'fave', 'makeup', 'artist', 'collab', 'with', 'yu2019u2026']","['anxiously', 'waiting', 'collab', 'love', 'using', 'mac', 'cosmetics', 'fave', 'makeup', 'artist', 'collab', 'yu2019u2026']","['anxious', 'wait', 'collab', 'love', 'use', 'mac', 'cosmet', 'fave', 'makeup', 'artist', 'collab', 'yu2019u2026']"
98,UK Free Stuff:Avon: New Euphoric mascara Euphoric plus a gorgeous FREE gift of an eyeliner and eyeshadow ,spam,1,UK Free StuffAvon New Euphoric mascara Euphoric plus a gorgeous FREE gift of an eyeliner and eyeshadow ,"['uk', 'free', 'stuffavon', 'new', 'euphoric', 'mascara', 'euphoric', 'plus', 'a', 'gorgeous', 'free', 'gift', 'of', 'an', 'eyeliner', 'and', 'eyeshadow', '']","['uk', 'free', 'stuffavon', 'new', 'euphoric', 'mascara', 'euphoric', 'plus', 'gorgeous', 'free', 'gift', 'eyeliner', 'eyeshadow', '']","['uk', 'free', 'stuffavon', 'new', 'euphor', 'mascara', 'euphor', 'plu', 'gorgeou', 'free', 'gift', 'eyelin', 'eyeshadow', '']"
99,NYX PROFESSIONAL MAKEUP Make Up Setting Spray Matte Finish Bundle with Dewy Finish - Combo\n\nGet it for $9.98!\u2026,ham,0,NYX PROFESSIONAL MAKEUP Make Up Setting Spray Matte Finish Bundle with Dewy Finish  CombonnGet it for 998u2026,"['nyx', 'professional', 'makeup', 'make', 'up', 'setting', 'spray', 'matte', 'finish', 'bundle', 'with', 'dewy', 'finish', 'combonnget', 'it', 'for', '998u2026']","['nyx', 'professional', 'makeup', 'make', 'setting', 'spray', 'matte', 'finish', 'bundle', 'dewy', 'finish', 'combonnget', '998u2026']","['nyx', 'profession', 'makeup', 'make', 'set', 'spray', 'matt', 'finish', 'bundl', 'dewi', 'finish', 'combonnget', '998u2026']"
100,LOréal infallible in the glass container or maybelline 24hr super stay,ham,0,LOréal infallible in the glass container or maybelline 24hr super stay,"['l', 'oréal', 'infallible', 'in', 'the', 'glass', 'container', 'or', 'maybelline', '24hr', 'super', 'stay']","['l', 'oréal', 'infallible', 'glass', 'container', 'maybelline', '24hr', 'super', 'stay']","['l', 'oréal', 'infal', 'glass', 'contain', 'maybellin', '24hr', 'super', 'stay']"
101,NYX PROFESSIONAL MAKEUP Make Up Setting Spray Matte Finish Bundle with Dewy Finish - Combo\n\nGet it for $9.98,ham,0,NYX PROFESSIONAL MAKEUP Make Up Setting Spray Matte Finish Bundle with Dewy Finish  CombonnGet it for 998,"['nyx', 'professional', 'makeup', 'make', 'up', 'setting', 'spray', 'matte', 'finish', 'bundle', 'with', 'dewy', 'finish', 'combonnget', 'it', 'for', '998']","['nyx', 'professional', 'makeup', 'make', 'setting', 'spray', 'matte', 'finish', 'bundle', 'dewy', 'finish', 'combonnget', '998']","['nyx', 'profession', 'makeup', 'make', 'set', 'spray', 'matt', 'finish', 'bundl', 'dewi', 'finish', 'combonnget', '998']"
102,RT @natskashi: we are anxiously waiting for the collab! i love using mac cosmetics and having my fave makeup artist collab with y\u2019all,ham,0,RT natskashi we are anxiously waiting for the collab i love using mac cosmetics and having my fave makeup artist collab with yu2019all,"['rt', 'natskashi', 'we', 'are', 'anxiously', 'waiting', 'for', 'the', 'collab', 'i', 'love', 'using', 'mac', 'cosmetics', 'and', 'having', 'my', 'fave', 'makeup', 'artist', 'collab', 'with', 'yu2019all']","['rt', 'natskashi', 'anxiously', 'waiting', 'collab', 'love', 'using', 'mac', 'cosmetics', 'fave', 'makeup', 'artist', 'collab', 'yu2019all']","['rt', 'natskashi', 'anxious', 'wait', 'collab', 'love', 'use', 'mac', 'cosmet', 'fave', 'makeup', 'artist', 'collab', 'yu2019al']"
103,Silicone Glove Protective Hand Cream - 75ml #avon,ham,0,Silicone Glove Protective Hand Cream  75ml avon,"['silicone', 'glove', 'protective', 'hand', 'cream', '75ml', 'avon']","['silicone', 'glove', 'protective', 'hand', 'cream', '75ml', 'avon']","['silicon', 'glove', 'protect', 'hand', 'cream', '75ml', 'avon']"
104,The Fenty Beauty mascara is everything,ham,0,The Fenty Beauty mascara is everything,"['the', 'fenty', 'beauty', 'mascara', 'is', 'everything']","['fenty', 'beauty', 'mascara', 'everything']","['fenti', 'beauti', 'mascara', 'everyth']"
105,below if Satin Lips is your go-to for lip care! #marykay ,ham,0,below if Satin Lips is your goto for lip care marykay ,"['below', 'if', 'satin', 'lips', 'is', 'your', 'goto', 'for', 'lip', 'care', 'marykay', '']","['satin', 'lips', 'goto', 'lip', 'care', 'marykay', '']","['satin', 'lip', 'goto', 'lip', 'care', 'marykay', '']"
106,L'Oreal Paris Skin Care Clean Artiste Oil Free Eye Makeup Remover (2 Pack) for $11.98,ham,0,LOreal Paris Skin Care Clean Artiste Oil Free Eye Makeup Remover 2 Pack for 1198,"['loreal', 'paris', 'skin', 'care', 'clean', 'artiste', 'oil', 'free', 'eye', 'makeup', 'remover', '2', 'pack', 'for', '1198']","['loreal', 'paris', 'skin', 'care', 'clean', 'artiste', 'oil', 'free', 'eye', 'makeup', 'remover', '2', 'pack', '1198']","['loreal', 'pari', 'skin', 'care', 'clean', 'artist', 'oil', 'free', 'eye', 'makeup', 'remov', '2', 'pack', '1198']"
107,When it comes to makeup only Fenty Beauty matters,ham,0,When it comes to makeup only Fenty Beauty matters,"['when', 'it', 'comes', 'to', 'makeup', 'only', 'fenty', 'beauty', 'matters']","['comes', 'makeup', 'fenty', 'beauty', 'matters']","['come', 'makeup', 'fenti', 'beauti', 'matter']"
108,highlight of my life just like that fenty beauty kit,ham,0,highlight of my life just like that fenty beauty kit,"['highlight', 'of', 'my', 'life', 'just', 'like', 'that', 'fenty', 'beauty', 'kit']","['highlight', 'life', 'like', 'fenty', 'beauty', 'kit']","['highlight', 'life', 'like', 'fenti', 'beauti', 'kit']"
109,clinique moisturizer is the truthhhhh,ham,0,clinique moisturizer is the truthhhhh,"['clinique', 'moisturizer', 'is', 'the', 'truthhhhh']","['clinique', 'moisturizer', 'truthhhhh']","['cliniqu', 'moistur', 'truthhhhh']"
110,XtineMBeauty Hi Christine! There will be no Choice for our upcoming March Premium boxy as it is our BoxyCahrm,ham,0,XtineMBeauty Hi Christine There will be no Choice for our upcoming March Premium boxy as it is our BoxyCahrm,"['xtinembeauty', 'hi', 'christine', 'there', 'will', 'be', 'no', 'choice', 'for', 'our', 'upcoming', 'march', 'premium', 'boxy', 'as', 'it', 'is', 'our', 'boxycahrm']","['xtinembeauty', 'hi', 'christine', 'choice', 'upcoming', 'march', 'premium', 'boxy', 'boxycahrm']","['xtinembeauti', 'hi', 'christin', 'choic', 'upcom', 'march', 'premium', 'boxi', 'boxycahrm']"
111,RT @MaryKay: The perfect #selfcare package. Send one to someone you love  or just treat yourself! #MaryKay,ham,0,RT MaryKay The perfect selfcare package Send one to someone you love  or just treat yourself MaryKay,"['rt', 'marykay', 'the', 'perfect', 'selfcare', 'package', 'send', 'one', 'to', 'someone', 'you', 'love', 'or', 'just', 'treat', 'yourself', 'marykay']","['rt', 'marykay', 'perfect', 'selfcare', 'package', 'send', 'one', 'someone', 'love', 'treat', 'marykay']","['rt', 'marykay', 'perfect', 'selfcar', 'packag', 'send', 'one', 'someon', 'love', 'treat', 'marykay']"
112,LET ME SEE NYX IN THESE,ham,0,LET ME SEE NYX IN THESE,"['let', 'me', 'see', 'nyx', 'in', 'these']","['let', 'see', 'nyx']","['let', 'see', 'nyx']"
113,I tried my best to use mostly fenty beauty products,ham,0,I tried my best to use mostly fenty beauty products,"['i', 'tried', 'my', 'best', 'to', 'use', 'mostly', 'fenty', 'beauty', 'products', '']","['tried', 'best', 'use', 'mostly', 'fenty', 'beauty', 'products', '']","['tri', 'best', 'use', 'mostli', 'fenti', 'beauti', 'product', '']"
114,Ladies! We are SLEEPING on e.l.f. make up! A lot of it is just as amazing as the expensive stuff and it\u2019s HALF the cost,ham,0,Ladies We are SLEEPING on elf make up A lot of it is just as amazing as the expensive stuff and itu2019s HALF the cost,"['ladies', 'we', 'are', 'sleeping', 'on', 'elf', 'make', 'up', 'a', 'lot', 'of', 'it', 'is', 'just', 'as', 'amazing', 'as', 'the', 'expensive', 'stuff', 'and', 'itu2019s', 'half', 'the', 'cost']","['ladies', 'sleeping', 'elf', 'make', 'lot', 'amazing', 'expensive', 'stuff', 'itu2019s', 'half', 'cost']","['ladi', 'sleep', 'elf', 'make', 'lot', 'amaz', 'expens', 'stuff', 'itu2019', 'half', 'cost']"
115, Up To 50% Off Select Beauty Products AND Gift Sets + Free Store Pickup! Choose From #Clinique #Philosophy\u2026,spam,1, Up To 50 Off Select Beauty Products AND Gift Sets  Free Store Pickup Choose From Clinique Philosophyu2026,"['', 'up', 'to', '50', 'off', 'select', 'beauty', 'products', 'and', 'gift', 'sets', 'free', 'store', 'pickup', 'choose', 'from', 'clinique', 'philosophyu2026']","['', '50', 'select', 'beauty', 'products', 'gift', 'sets', 'free', 'store', 'pickup', 'choose', 'clinique', 'philosophyu2026']","['', '50', 'select', 'beauti', 'product', 'gift', 'set', 'free', 'store', 'pickup', 'choos', 'cliniqu', 'philosophyu2026']"
116,buKahra: Love that Fenty Beauty shoot A119,ham,0,buKahra Love that Fenty Beauty shoot A119,"['bukahra', 'love', 'that', 'fenty', 'beauty', 'shoot', 'a119']","['bukahra', 'love', 'fenty', 'beauty', 'shoot', 'a119']","['bukahra', 'love', 'fenti', 'beauti', 'shoot', 'a119']"
117,Ive just realised ive had my bottle of Clinique foundation since the age of 16 (Im 21 now) and its the only foun ,ham,0,Ive just realised ive had my bottle of Clinique foundation since the age of 16 Im 21 now and its the only foun ,"['i', 've', 'just', 'realised', 'ive', 'had', 'my', 'bottle', 'of', 'clinique', 'foundation', 'since', 'the', 'age', 'of', '16', 'i', 'm', '21', 'now', 'and', 'it', 's', 'the', 'only', 'foun', '']","['realised', 'ive', 'bottle', 'clinique', 'foundation', 'since', 'age', '16', '21', 'foun', '']","['realis', 'ive', 'bottl', 'cliniqu', 'foundat', 'sinc', 'age', '16', '21', 'foun', '']"
118,"Wash face with Lancôme Cleanser, Use Thayers Witch Hazel Toner, Mary Jane CBD serum, First Aid Beauty Moisturizer",ham,0,Wash face with Lancôme Cleanser Use Thayers Witch Hazel Toner Mary Jane CBD serum First Aid Beauty Moisturizer,"['wash', 'face', 'with', 'lancôme', 'cleanser', 'use', 'thayer', 's', 'witch', 'hazel', 'toner', 'mary', 'jane', 'cbd', 'serum', 'first', 'aid', 'beauty', 'moisturizer']","['wash', 'face', 'lancôme', 'cleanser', 'use', 'thayer', 'witch', 'hazel', 'toner', 'mary', 'jane', 'cbd', 'serum', 'first', 'aid', 'beauty', 'moisturizer']","['wash', 'face', 'lancôm', 'cleanser', 'use', 'thayer', 'witch', 'hazel', 'toner', 'mari', 'jane', 'cbd', 'serum', 'first', 'aid', 'beauti', 'moistur']"
119, Freshen Up Your Eyes with Fenty Beauty's New Snap Shadows Mix &amp; Match #Eyeshadow Palettes! #FENTYBEAUTY #Gifted #Makeup #Makeu\u2026,ham,0, Freshen Up Your Eyes with Fenty Beautys New Snap Shadows Mix amp Match Eyeshadow Palettes FENTYBEAUTY Gifted Makeup Makeuu2026,"['', 'freshen', 'up', 'your', 'eyes', 'with', 'fenty', 'beautys', 'new', 'snap', 'shadows', 'mix', 'amp', 'match', 'eyeshadow', 'palettes', 'fentybeauty', 'gifted', 'makeup', 'makeuu2026']","['', 'freshen', 'eyes', 'fenty', 'beautys', 'new', 'snap', 'shadows', 'mix', 'amp', 'match', 'eyeshadow', 'palettes', 'fentybeauty', 'gifted', 'makeup', 'makeuu2026']","['', 'freshen', 'eye', 'fenti', 'beauti', 'new', 'snap', 'shadow', 'mix', 'amp', 'match', 'eyeshadow', 'palett', 'fentybeauti', 'gift', 'makeup', 'makeuu2026']"
120, Elizabeth Arden skin care routineWired: Elizabeth Bathory skin care routine,ham,0, Elizabeth Arden skin care routineWired Elizabeth Bathory skin care routine,"['', 'elizabeth', 'arden', 'skin', 'care', 'routinewired', 'elizabeth', 'bathory', 'skin', 'care', 'routine']","['', 'elizabeth', 'arden', 'skin', 'care', 'routinewired', 'elizabeth', 'bathory', 'skin', 'care', 'routine']","['', 'elizabeth', 'arden', 'skin', 'care', 'routinewir', 'elizabeth', 'bathori', 'skin', 'care', 'routin']"
121,Ive been trying these out for a week now and they\u2019re absolutely amazing \n\n#clinique #cliniquemakeup,ham,0,Ive been trying these out for a week now and theyu2019re absolutely amazing nnclinique cliniquemakeup,"['ive', 'been', 'trying', 'these', 'out', 'for', 'a', 'week', 'now', 'and', 'theyu2019re', 'absolutely', 'amazing', 'nnclinique', 'cliniquemakeup']","['ive', 'trying', 'week', 'theyu2019re', 'absolutely', 'amazing', 'nnclinique', 'cliniquemakeup']","['ive', 'tri', 'week', 'theyu2019r', 'absolut', 'amaz', 'nncliniqu', 'cliniquemakeup']"
122,RT @findyourdress: Want to be in with a chance of winning an Estee Lauder Beautiful fragrance?! To enter simply...,ham,0,RT findyourdress Want to be in with a chance of winning an Estee Lauder Beautiful fragrance To enter simply,"['rt', 'findyourdress', 'want', 'to', 'be', 'in', 'with', 'a', 'chance', 'of', 'winning', 'an', 'estee', 'lauder', 'beautiful', 'fragrance', 'to', 'enter', 'simply']","['rt', 'findyourdress', 'want', 'chance', 'winning', 'estee', 'lauder', 'beautiful', 'fragrance', 'enter', 'simply']","['rt', 'findyourdress', 'want', 'chanc', 'win', 'este', 'lauder', 'beauti', 'fragranc', 'enter', 'simpli']"
123,@BruiseViolet Great question. I really like Clinique Moisture Surge Intense for dry skin- It's an excellent moisturizer,ham,0,BruiseViolet Great question I really like Clinique Moisture Surge Intense for dry skin Its an excellent moisturizer,"['bruiseviolet', 'great', 'question', 'i', 'really', 'like', 'clinique', 'moisture', 'surge', 'intense', 'for', 'dry', 'skin', 'its', 'an', 'excellent', 'moisturizer']","['bruiseviolet', 'great', 'question', 'really', 'like', 'clinique', 'moisture', 'surge', 'intense', 'dry', 'skin', 'excellent', 'moisturizer']","['bruiseviolet', 'great', 'question', 'realli', 'like', 'cliniqu', 'moistur', 'surg', 'intens', 'dri', 'skin', 'excel', 'moistur']"
124,Clinique dramatically different moisturizing gel for oily skin for my face,ham,0,Clinique dramatically different moisturizing gel for oily skin for my face,"['clinique', 'dramatically', 'different', 'moisturizing', 'gel', 'for', 'oily', 'skin', 'for', 'my', 'face']","['clinique', 'dramatically', 'different', 'moisturizing', 'gel', 'oily', 'skin', 'face']","['cliniqu', 'dramat', 'differ', 'moistur', 'gel', 'oili', 'skin', 'face']"
125,Clinique mild exfoliating scrub every other day using a clarisonic\nLush brazened honey fresh,ham,0,Clinique mild exfoliating scrub every other day using a clarisonicnLush brazened honey fresh,"['clinique', 'mild', 'exfoliating', 'scrub', 'every', 'other', 'day', 'using', 'a', 'clarisonicnlush', 'brazened', 'honey', 'fresh']","['clinique', 'mild', 'exfoliating', 'scrub', 'every', 'day', 'using', 'clarisonicnlush', 'brazened', 'honey', 'fresh']","['cliniqu', 'mild', 'exfoli', 'scrub', 'everi', 'day', 'use', 'clarisonicnlush', 'brazen', 'honey', 'fresh']"
126,Clinique Moisture Surge 72 hour auto replenishing hydrator gel-cream 125ml NEW,ham,0,Clinique Moisture Surge 72 hour auto replenishing hydrator gelcream 125ml NEW,"['clinique', 'moisture', 'surge', '72', 'hour', 'auto', 'replenishing', 'hydrator', 'gelcream', '125ml', 'new']","['clinique', 'moisture', 'surge', '72', 'hour', 'auto', 'replenishing', 'hydrator', 'gelcream', '125ml', 'new']","['cliniqu', 'moistur', 'surg', '72', 'hour', 'auto', 'replenish', 'hydrat', 'gelcream', '125ml', 'new']"
127,A moisturizer for every skin type. \ud83d\udc4f\ud83d\udc9c The nongreasy formula of the #MaryKay Oil-Free Hydrating Gel is suited for no\u2026,ham,0,A moisturizer for every skin type ud83dudc4fud83dudc9c The nongreasy formula of the MaryKay OilFree Hydrating Gel is suited for nou2026,"['a', 'moisturizer', 'for', 'every', 'skin', 'type', 'ud83dudc4fud83dudc9c', 'the', 'nongreasy', 'formula', 'of', 'the', 'marykay', 'oilfree', 'hydrating', 'gel', 'is', 'suited', 'for', 'nou2026']","['moisturizer', 'every', 'skin', 'type', 'ud83dudc4fud83dudc9c', 'nongreasy', 'formula', 'marykay', 'oilfree', 'hydrating', 'gel', 'suited', 'nou2026']","['moistur', 'everi', 'skin', 'type', 'ud83dudc4fud83dudc9c', 'nongreasi', 'formula', 'marykay', 'oilfre', 'hydrat', 'gel', 'suit', 'nou2026']"
128,ForWorkingMamas: I never dreamed about success. I worked for it. - Estée Lauder #ForWorkingMamas #WorkingMum,ham,0,ForWorkingMamas I never dreamed about success I worked for it  Estée Lauder ForWorkingMamas WorkingMum,"['forworkingmamas', 'i', 'never', 'dreamed', 'about', 'success', 'i', 'worked', 'for', 'it', 'estée', 'lauder', 'forworkingmamas', 'workingmum']","['forworkingmamas', 'never', 'dreamed', 'success', 'worked', 'estée', 'lauder', 'forworkingmamas', 'workingmum']","['forworkingmama', 'never', 'dream', 'success', 'work', 'esté', 'lauder', 'forworkingmama', 'workingmum']"
129,I will be on Fenty Beauty\u2019s digital marketing team one day,ham,0,I will be on Fenty Beautyu2019s digital marketing team one day,"['i', 'will', 'be', 'on', 'fenty', 'beautyu2019s', 'digital', 'marketing', 'team', 'one', 'day']","['fenty', 'beautyu2019s', 'digital', 'marketing', 'team', 'one', 'day']","['fenti', 'beautyu2019', 'digit', 'market', 'team', 'one', 'day']"
130,Here is a great way to pamper your lips plus add a pop of colour- I'm giving away Clarins,ham,0,Here is a great way to pamper your lips plus add a pop of colour Im giving away Clarins,"['here', 'is', 'a', 'great', 'way', 'to', 'pamper', 'your', 'lips', 'plus', 'add', 'a', 'pop', 'of', 'colour', 'im', 'giving', 'away', 'clarins']","['great', 'way', 'pamper', 'lips', 'plus', 'add', 'pop', 'colour', 'im', 'giving', 'away', 'clarins']","['great', 'way', 'pamper', 'lip', 'plu', 'add', 'pop', 'colour', 'im', 'give', 'away', 'clarin']"
131,Today's luxe skincare giveaway is ideal for anyone with oily or combination skin. It's my clarins' Re-Move Purifying CleanS,ham,0,Todays luxe skincare giveaway is ideal for anyone with oily or combination skin Its my clarins ReMove Purifying CleanS,"['todays', 'luxe', 'skincare', 'giveaway', 'is', 'ideal', 'for', 'anyone', 'with', 'oily', 'or', 'combination', 'skin', 'its', 'my', 'clarins', 'remove', 'purifying', 'cleans']","['todays', 'luxe', 'skincare', 'giveaway', 'ideal', 'anyone', 'oily', 'combination', 'skin', 'clarins', 'remove', 'purifying', 'cleans']","['today', 'lux', 'skincar', 'giveaway', 'ideal', 'anyon', 'oili', 'combin', 'skin', 'clarin', 'remov', 'purifi', 'clean']"
132,Avon True Color Glimmersticks Diamonds Eye Liner-Bold shimmer amps up your gaze for hours. So many colors to choice,ham,0,Avon True Color Glimmersticks Diamonds Eye LinerBold shimmer amps up your gaze for hours So many colors to choice,"['avon', 'true', 'color', 'glimmersticks', 'diamonds', 'eye', 'linerbold', 'shimmer', 'amps', 'up', 'your', 'gaze', 'for', 'hours', 'so', 'many', 'colors', 'to', 'choice']","['avon', 'true', 'color', 'glimmersticks', 'diamonds', 'eye', 'linerbold', 'shimmer', 'amps', 'gaze', 'hours', 'many', 'colors', 'choice']","['avon', 'true', 'color', 'glimmerstick', 'diamond', 'eye', 'linerbold', 'shimmer', 'amp', 'gaze', 'hour', 'mani', 'color', 'choic']"
133,Such an amazing affordable product. Only $16.00. Mary Kay Indulge Soothing Eye Gel,ham,0,Such an amazing affordable product Only 1600 Mary Kay Indulge Soothing Eye Gel,"['such', 'an', 'amazing', 'affordable', 'product', 'only', '1600', 'mary', 'kay', 'indulge', 'soothing', 'eye', 'gel']","['amazing', 'affordable', 'product', '1600', 'mary', 'kay', 'indulge', 'soothing', 'eye', 'gel']","['amaz', 'afford', 'product', '1600', 'mari', 'kay', 'indulg', 'sooth', 'eye', 'gel']"
134,I just bought the fenty beauty lip gloss \ud83d\ude2d that was a very impulsive decision BUT IM SO HAPPY,ham,0,I just bought the fenty beauty lip gloss ud83dude2d that was a very impulsive decision BUT IM SO HAPPY,"['i', 'just', 'bought', 'the', 'fenty', 'beauty', 'lip', 'gloss', 'ud83dude2d', 'that', 'was', 'a', 'very', 'impulsive', 'decision', 'but', 'im', 'so', 'happy']","['bought', 'fenty', 'beauty', 'lip', 'gloss', 'ud83dude2d', 'impulsive', 'decision', 'im', 'happy']","['bought', 'fenti', 'beauti', 'lip', 'gloss', 'ud83dude2d', 'impuls', 'decis', 'im', 'happi']"
135,Echaa Hisham Mary Kay:10% discount for all set skincare MaryKay,ham,0,Echaa Hisham Mary Kay10 discount for all set skincare MaryKay,"['echaa', 'hisham', 'mary', 'kay10', 'discount', 'for', 'all', 'set', 'skincare', 'marykay']","['echaa', 'hisham', 'mary', 'kay10', 'discount', 'set', 'skincare', 'marykay']","['echaa', 'hisham', 'mari', 'kay10', 'discount', 'set', 'skincar', 'marykay']"
136,DivineBrine: Natural glam &amp; using my very own gloss\#NYX,ham,0,DivineBrine Natural glam amp using my very own glossNYX,"['divinebrine', 'natural', 'glam', 'amp', 'using', 'my', 'very', 'own', 'glossnyx']","['divinebrine', 'natural', 'glam', 'amp', 'using', 'glossnyx']","['divinebrin', 'natur', 'glam', 'amp', 'use', 'glossnyx']"
137,Elizabeth Arden Green Tea Honey Drops Crema Corporal 500 ml,ham,0,Elizabeth Arden Green Tea Honey Drops Crema Corporal 500 ml,"['elizabeth', 'arden', 'green', 'tea', 'honey', 'drops', 'crema', 'corporal', '500', 'ml']","['elizabeth', 'arden', 'green', 'tea', 'honey', 'drops', 'crema', 'corporal', '500', 'ml']","['elizabeth', 'arden', 'green', 'tea', 'honey', 'drop', 'crema', 'corpor', '500', 'ml']"
138,"Red Door Perfume by Elizabeth Arden, Red Door is a floral oriental fragrance for woMen ",ham,0,Red Door Perfume by Elizabeth Arden Red Door is a floral oriental fragrance for woMen ,"['red', 'door', 'perfume', 'by', 'elizabeth', 'arden', 'red', 'door', 'is', 'a', 'floral', 'oriental', 'fragrance', 'for', 'women', '']","['red', 'door', 'perfume', 'elizabeth', 'arden', 'red', 'door', 'floral', 'oriental', 'fragrance', 'women', '']","['red', 'door', 'perfum', 'elizabeth', 'arden', 'red', 'door', 'floral', 'orient', 'fragranc', 'women', '']"
139,"Retail Beauty Sales - Estee Lauder - Full Time - Cheyenne, WY: Clinique - Cheyenne, WY - Retail Beauty Sales",ham,0,Retail Beauty Sales  Estee Lauder  Full Time  Cheyenne WY Clinique  Cheyenne WY  Retail Beauty Sales,"['retail', 'beauty', 'sales', 'estee', 'lauder', 'full', 'time', 'cheyenne', 'wy', 'clinique', 'cheyenne', 'wy', 'retail', 'beauty', 'sales']","['retail', 'beauty', 'sales', 'estee', 'lauder', 'full', 'time', 'cheyenne', 'wy', 'clinique', 'cheyenne', 'wy', 'retail', 'beauty', 'sales']","['retail', 'beauti', 'sale', 'este', 'lauder', 'full', 'time', 'cheyenn', 'wy', 'cliniqu', 'cheyenn', 'wy', 'retail', 'beauti', 'sale']"
140,So good I had to share! Check out all the items I'm loving on @Poshmarkapp #poshmark #fashion #style #shopmycloset,ham,0,So good I had to share Check out all the items Im loving on Poshmarkapp poshmark fashion style shopmycloset,"['so', 'good', 'i', 'had', 'to', 'share', 'check', 'out', 'all', 'the', 'items', 'im', 'loving', 'on', 'poshmarkapp', 'poshmark', 'fashion', 'style', 'shopmycloset']","['good', 'share', 'check', 'items', 'im', 'loving', 'poshmarkapp', 'poshmark', 'fashion', 'style', 'shopmycloset']","['good', 'share', 'check', 'item', 'im', 'love', 'poshmarkapp', 'poshmark', 'fashion', 'style', 'shopmycloset']"
141,If you\u2019re in the market for eyeliner that can handle life being too much - NYX waterproof is the BOMB,ham,0,If youu2019re in the market for eyeliner that can handle life being too much  NYX waterproof is the BOMB,"['if', 'youu2019re', 'in', 'the', 'market', 'for', 'eyeliner', 'that', 'can', 'handle', 'life', 'being', 'too', 'much', 'nyx', 'waterproof', 'is', 'the', 'bomb']","['youu2019re', 'market', 'eyeliner', 'handle', 'life', 'much', 'nyx', 'waterproof', 'bomb']","['youu2019r', 'market', 'eyelin', 'handl', 'life', 'much', 'nyx', 'waterproof', 'bomb']"
142,the fenty beauty one made my lashes look long asff even after my extensions ripped them all out,ham,0,the fenty beauty one made my lashes look long asff even after my extensions ripped them all out,"['the', 'fenty', 'beauty', 'one', 'made', 'my', 'lashes', 'look', 'long', 'asff', 'even', 'after', 'my', 'extensions', 'ripped', 'them', 'all', 'out']","['fenty', 'beauty', 'one', 'made', 'lashes', 'look', 'long', 'asff', 'even', 'extensions', 'ripped']","['fenti', 'beauti', 'one', 'made', 'lash', 'look', 'long', 'asff', 'even', 'extens', 'rip']"
143,Daily Makeup Routine Includes Three Fenty Beauty Products #beautyrecap ,ham,0,Daily Makeup Routine Includes Three Fenty Beauty Products beautyrecap ,"['daily', 'makeup', 'routine', 'includes', 'three', 'fenty', 'beauty', 'products', 'beautyrecap', '']","['daily', 'makeup', 'routine', 'includes', 'three', 'fenty', 'beauty', 'products', 'beautyrecap', '']","['daili', 'makeup', 'routin', 'includ', 'three', 'fenti', 'beauti', 'product', 'beautyrecap', '']"
144,Why Estee Lauder Double Wear Foundation is worth the price tag,ham,0,Why Estee Lauder Double Wear Foundation is worth the price tag,"['why', 'estee', 'lauder', 'double', 'wear', 'foundation', 'is', 'worth', 'the', 'price', 'tag']","['estee', 'lauder', 'double', 'wear', 'foundation', 'worth', 'price', 'tag']","['este', 'lauder', 'doubl', 'wear', 'foundat', 'worth', 'price', 'tag']"
145,Lush kalamazoo cleanser&amp;lush tee tree toner water&amp;lush enzymion moisturiser in the morning\nClinique,ham,0,Lush kalamazoo cleanseramplush tee tree toner wateramplush enzymion moisturiser in the morningnClinique,"['lush', 'kalamazoo', 'cleanseramplush', 'tee', 'tree', 'toner', 'wateramplush', 'enzymion', 'moisturiser', 'in', 'the', 'morningnclinique']","['lush', 'kalamazoo', 'cleanseramplush', 'tee', 'tree', 'toner', 'wateramplush', 'enzymion', 'moisturiser', 'morningnclinique']","['lush', 'kalamazoo', 'cleanseramplush', 'tee', 'tree', 'toner', 'wateramplush', 'enzymion', 'moisturis', 'morningncliniqu']"
146,Clinique mild exfoliating scrub every other day using a clarisonic\nLush brazened honey fresh ,ham,0,Clinique mild exfoliating scrub every other day using a clarisonicnLush brazened honey fresh ,"['clinique', 'mild', 'exfoliating', 'scrub', 'every', 'other', 'day', 'using', 'a', 'clarisonicnlush', 'brazened', 'honey', 'fresh', '']","['clinique', 'mild', 'exfoliating', 'scrub', 'every', 'day', 'using', 'clarisonicnlush', 'brazened', 'honey', 'fresh', '']","['cliniqu', 'mild', 'exfoli', 'scrub', 'everi', 'day', 'use', 'clarisonicnlush', 'brazen', 'honey', 'fresh', '']"
147,Channeling my inner Mrs Doubtfire  love this mask by Estée Lauder skin felt fresh and moisturised after it ,ham,0,Channeling my inner Mrs Doubtfire  love this mask by Estée Lauder skin felt fresh and moisturised after it ,"['channeling', 'my', 'inner', 'mrs', 'doubtfire', 'love', 'this', 'mask', 'by', 'estée', 'lauder', 'skin', 'felt', 'fresh', 'and', 'moisturised', 'after', 'it', '']","['channeling', 'inner', 'mrs', 'doubtfire', 'love', 'mask', 'estée', 'lauder', 'skin', 'felt', 'fresh', 'moisturised', '']","['channel', 'inner', 'mr', 'doubtfir', 'love', 'mask', 'esté', 'lauder', 'skin', 'felt', 'fresh', 'moisturis', '']"
148,fenty beauty powder smells amazing ,ham,0,fenty beauty powder smells amazing ,"['fenty', 'beauty', 'powder', 'smells', 'amazing', '']","['fenty', 'beauty', 'powder', 'smells', 'amazing', '']","['fenti', 'beauti', 'powder', 'smell', 'amaz', '']"
149,A moisturizer for every skin type. The nongreasy formula of the #MaryKay Oil-Free Hydrating Gel is suited for ,ham,0,A moisturizer for every skin type The nongreasy formula of the MaryKay OilFree Hydrating Gel is suited for ,"['a', 'moisturizer', 'for', 'every', 'skin', 'type', 'the', 'nongreasy', 'formula', 'of', 'the', 'marykay', 'oilfree', 'hydrating', 'gel', 'is', 'suited', 'for', '']","['moisturizer', 'every', 'skin', 'type', 'nongreasy', 'formula', 'marykay', 'oilfree', 'hydrating', 'gel', 'suited', '']","['moistur', 'everi', 'skin', 'type', 'nongreasi', 'formula', 'marykay', 'oilfre', 'hydrat', 'gel', 'suit', '']"
